[Licensing::Module] Trying to connect to existing licensing client channel...
[Licensing::IpcConnector] Connection attempt to the License Client on channel: "LicenseClient-nguoiktay" failed because channel doesn't exist; code: "0x80000002"
[Licensing::Module] Successfully launched the LicensingClient (PId: 13940)
[Licensing::IpcConnector] Successfully connected to the License Client on channel: "LicenseClient-nguoiktay"
[Licensing::Client] Handshaking with LicensingClient:
  Version:                 1.12.1+9338cad
  Session Id:              de599b9b04274d198ccd5f0667dfc614
  Correlation Id:          a31624386149a144db9a8e1eb2ea53d6
  External correlation Id: 6846021660845102992
  Machine Id:              83sQP1oGRp38ZSo7TIrSHxoORa0=
[Licensing::Module] Successfully connected to LicensingClient on channel: "LicenseClient-nguoiktay" (connect: 0.80s, validation: 0.05s, handshake: 1.61s)
[Licensing::IpcConnector] Successfully connected to the License Notification on channel: "LicenseClient-nguoiktay-notifications"
[Licensing::Module] Connected to LicensingClient (PId: 13940, launch time: 0.00, total connection time: 2.46s)
[Licensing::Module] Error: Access token is unavailable; failed to update
[Licensing::Client] Error: Code 500 while processing request (status: Unable to update licenses. Errors: No ULF license found.,Token not found in cache)
[Licensing::Client] Error: Code 500 while updating license in client (status: Unable to update licenses. Errors: No ULF license found.,Token not found in cache)
Built from '2022.3/release' branch; Version is '2022.3.5f1 (9674261d40ee) revision 9860134'; Using compiler version '192829333'; Build Type 'Release'
OS: 'Windows 11  (10.0.26200) 64bit CoreSingleLanguage' Language: 'en' Physical Memory: 16147 MB
[Licensing::Client] Successfully resolved entitlements
[Licensing::Module] Serial number assigned to: "18968385848521-UnityPersXXXX"
BatchMode: 1, IsHumanControllingUs: 0, StartBugReporterOnCrash: 0, Is64bit: 1, IsPro: 0

COMMAND LINE ARGUMENTS:
C:\Program Files\Unity\Hub\Editor\2022.3.5f1\Editor\Unity.exe
-batchmode
-quit
-projectPath
d:\HoanKiemAirVR-Unity-main\HoanKiemAirVR-Unity-main
-executeMethod
HoanKiemAirVR.Editor.VNPTSetup.VerifyVNPT
-logFile
unity_verify.log
Successfully changed project path to: d:\HoanKiemAirVR-Unity-main\HoanKiemAirVR-Unity-main
D:/HoanKiemAirVR-Unity-main/HoanKiemAirVR-Unity-main
[UnityMemory] Configuration Parameters - Can be set up in boot.config
    "memorysetup-bucket-allocator-granularity=16"
    "memorysetup-bucket-allocator-bucket-count=8"
    "memorysetup-bucket-allocator-block-size=33554432"
    "memorysetup-bucket-allocator-block-count=8"
    "memorysetup-main-allocator-block-size=16777216"
    "memorysetup-thread-allocator-block-size=16777216"
    "memorysetup-gfx-main-allocator-block-size=16777216"
    "memorysetup-gfx-thread-allocator-block-size=16777216"
    "memorysetup-cache-allocator-block-size=4194304"
    "memorysetup-typetree-allocator-block-size=2097152"
    "memorysetup-profiler-bucket-allocator-granularity=16"
    "memorysetup-profiler-bucket-allocator-bucket-count=8"
    "memorysetup-profiler-bucket-allocator-block-size=33554432"
    "memorysetup-profiler-bucket-allocator-block-count=8"
    "memorysetup-profiler-allocator-block-size=16777216"
    "memorysetup-profiler-editor-allocator-block-size=1048576"
    "memorysetup-temp-allocator-size-main=16777216"
    "memorysetup-job-temp-allocator-block-size=2097152"
    "memorysetup-job-temp-allocator-block-size-background=1048576"
    "memorysetup-job-temp-allocator-reduction-small-platforms=262144"
    "memorysetup-allocator-temp-initial-block-size-main=262144"
    "memorysetup-allocator-temp-initial-block-size-worker=262144"
    "memorysetup-temp-allocator-size-background-worker=32768"
    "memorysetup-temp-allocator-size-job-worker=262144"
    "memorysetup-temp-allocator-size-preload-manager=33554432"
    "memorysetup-temp-allocator-size-nav-mesh-worker=65536"
    "memorysetup-temp-allocator-size-audio-worker=65536"
    "memorysetup-temp-allocator-size-cloud-worker=32768"
    "memorysetup-temp-allocator-size-gi-baking-worker=262144"
    "memorysetup-temp-allocator-size-gfx=262144"
Player connection [13228] Host "[IP] 192.168.92.1 [Port] 55496 [Flags] 2 [Guid] 1738195971 [EditorId] 1738195971 [Version] 1048832 [Id] WindowsEditor(7,171A84E3AF2FD73) [Debug] 1 [PackageName] WindowsEditor [ProjectName] Editor" joined multi-casting on [225.0.0.222:54997]...

Player connection [13228] Host "[IP] 192.168.92.1 [Port] 55496 [Flags] 2 [Guid] 1738195971 [EditorId] 1738195971 [Version] 1048832 [Id] WindowsEditor(7,171A84E3AF2FD73) [Debug] 1 [PackageName] WindowsEditor [ProjectName] Editor" joined alternative multi-casting on [225.0.0.222:34997]...

[Package Manager] UpmClient::Connect -- Connected to IPC stream "Upm-20140" after 0.4 seconds.
[Licensing::Client] Successfully resolved entitlements
[Package Manager] Restoring resolved packages state from cache
[Licensing::Client] Successfully resolved entitlement details
[Package Manager] Registered 61 packages:
  Packages from [https://packages.unity.com]:
    com.unity.collab-proxy@2.0.5 (location: D:\HoanKiemAirVR-Unity-main\HoanKiemAirVR-Unity-main\Library\PackageCache\com.unity.collab-proxy@2.0.5)
    com.unity.nuget.newtonsoft-json@3.0.1 (location: D:\HoanKiemAirVR-Unity-main\HoanKiemAirVR-Unity-main\Library\PackageCache\com.unity.nuget.newtonsoft-json@3.0.1)
    com.unity.probuilder@5.1.1 (location: D:\HoanKiemAirVR-Unity-main\HoanKiemAirVR-Unity-main\Library\PackageCache\com.unity.probuilder@5.1.1)
    com.unity.textmeshpro@3.0.6 (location: D:\HoanKiemAirVR-Unity-main\HoanKiemAirVR-Unity-main\Library\PackageCache\com.unity.textmeshpro@3.0.6)
    com.unity.timeline@1.7.5 (location: D:\HoanKiemAirVR-Unity-main\HoanKiemAirVR-Unity-main\Library\PackageCache\com.unity.timeline@1.7.5)
    com.unity.visualscripting@1.8.0 (location: D:\HoanKiemAirVR-Unity-main\HoanKiemAirVR-Unity-main\Library\PackageCache\com.unity.visualscripting@1.8.0)
    com.unity.xr.interaction.toolkit@2.4.3 (location: D:\HoanKiemAirVR-Unity-main\HoanKiemAirVR-Unity-main\Library\PackageCache\com.unity.xr.interaction.toolkit@2.4.3)
    com.unity.xr.oculus@4.0.0 (location: D:\HoanKiemAirVR-Unity-main\HoanKiemAirVR-Unity-main\Library\PackageCache\com.unity.xr.oculus@4.0.0)
    com.unity.xr.management@4.3.3 (location: D:\HoanKiemAirVR-Unity-main\HoanKiemAirVR-Unity-main\Library\PackageCache\com.unity.xr.management@4.3.3)
    com.unity.inputsystem@1.6.1 (location: D:\HoanKiemAirVR-Unity-main\HoanKiemAirVR-Unity-main\Library\PackageCache\com.unity.inputsystem@1.6.1)
    com.unity.mathematics@1.2.6 (location: D:\HoanKiemAirVR-Unity-main\HoanKiemAirVR-Unity-main\Library\PackageCache\com.unity.mathematics@1.2.6)
    com.unity.xr.core-utils@2.2.1 (location: D:\HoanKiemAirVR-Unity-main\HoanKiemAirVR-Unity-main\Library\PackageCache\com.unity.xr.core-utils@2.2.1)
    com.unity.xr.legacyinputhelpers@2.1.10 (location: D:\HoanKiemAirVR-Unity-main\HoanKiemAirVR-Unity-main\Library\PackageCache\com.unity.xr.legacyinputhelpers@2.1.10)
    com.unity.burst@1.8.7 (location: D:\HoanKiemAirVR-Unity-main\HoanKiemAirVR-Unity-main\Library\PackageCache\com.unity.burst@1.8.7)
    com.unity.settings-manager@2.0.1 (location: D:\HoanKiemAirVR-Unity-main\HoanKiemAirVR-Unity-main\Library\PackageCache\com.unity.settings-manager@2.0.1)
    com.unity.ide.visualstudio@2.0.18 (location: D:\HoanKiemAirVR-Unity-main\HoanKiemAirVR-Unity-main\Library\PackageCache\com.unity.ide.visualstudio@2.0.18)
    com.unity.ide.rider@3.0.24 (location: D:\HoanKiemAirVR-Unity-main\HoanKiemAirVR-Unity-main\Library\PackageCache\com.unity.ide.rider@3.0.24)
    com.unity.ide.vscode@1.2.5 (location: D:\HoanKiemAirVR-Unity-main\HoanKiemAirVR-Unity-main\Library\PackageCache\com.unity.ide.vscode@1.2.5)
    com.unity.editorcoroutines@1.0.0 (location: D:\HoanKiemAirVR-Unity-main\HoanKiemAirVR-Unity-main\Library\PackageCache\com.unity.editorcoroutines@1.0.0)
    com.unity.performance.profile-analyzer@1.2.2 (location: D:\HoanKiemAirVR-Unity-main\HoanKiemAirVR-Unity-main\Library\PackageCache\com.unity.performance.profile-analyzer@1.2.2)
    com.unity.test-framework@1.1.33 (location: D:\HoanKiemAirVR-Unity-main\HoanKiemAirVR-Unity-main\Library\PackageCache\com.unity.test-framework@1.1.33)
    com.unity.testtools.codecoverage@1.2.4 (location: D:\HoanKiemAirVR-Unity-main\HoanKiemAirVR-Unity-main\Library\PackageCache\com.unity.testtools.codecoverage@1.2.4)
    com.unity.searcher@4.9.2 (location: D:\HoanKiemAirVR-Unity-main\HoanKiemAirVR-Unity-main\Library\PackageCache\com.unity.searcher@4.9.2)
    com.unity.ext.nunit@1.0.6 (location: D:\HoanKiemAirVR-Unity-main\HoanKiemAirVR-Unity-main\Library\PackageCache\com.unity.ext.nunit@1.0.6)
  Built-in packages:
    com.unity.feature.development@1.0.1 (location: D:\HoanKiemAirVR-Unity-main\HoanKiemAirVR-Unity-main\Library\PackageCache\com.unity.feature.development@1.0.1)
    com.unity.render-pipelines.universal@14.0.8 (location: D:\HoanKiemAirVR-Unity-main\HoanKiemAirVR-Unity-main\Library\PackageCache\com.unity.render-pipelines.universal@14.0.8)
    com.unity.ugui@1.0.0 (location: D:\HoanKiemAirVR-Unity-main\HoanKiemAirVR-Unity-main\Library\PackageCache\com.unity.ugui@1.0.0)
    com.unity.modules.ai@1.0.0 (location: D:\HoanKiemAirVR-Unity-main\HoanKiemAirVR-Unity-main\Library\PackageCache\com.unity.modules.ai@1.0.0)
    com.unity.modules.androidjni@1.0.0 (location: D:\HoanKiemAirVR-Unity-main\HoanKiemAirVR-Unity-main\Library\PackageCache\com.unity.modules.androidjni@1.0.0)
    com.unity.modules.animation@1.0.0 (location: D:\HoanKiemAirVR-Unity-main\HoanKiemAirVR-Unity-main\Library\PackageCache\com.unity.modules.animation@1.0.0)
    com.unity.modules.assetbundle@1.0.0 (location: D:\HoanKiemAirVR-Unity-main\HoanKiemAirVR-Unity-main\Library\PackageCache\com.unity.modules.assetbundle@1.0.0)
    com.unity.modules.audio@1.0.0 (location: D:\HoanKiemAirVR-Unity-main\HoanKiemAirVR-Unity-main\Library\PackageCache\com.unity.modules.audio@1.0.0)
    com.unity.modules.cloth@1.0.0 (location: D:\HoanKiemAirVR-Unity-main\HoanKiemAirVR-Unity-main\Library\PackageCache\com.unity.modules.cloth@1.0.0)
    com.unity.modules.director@1.0.0 (location: D:\HoanKiemAirVR-Unity-main\HoanKiemAirVR-Unity-main\Library\PackageCache\com.unity.modules.director@1.0.0)
    com.unity.modules.imageconversion@1.0.0 (location: D:\HoanKiemAirVR-Unity-main\HoanKiemAirVR-Unity-main\Library\PackageCache\com.unity.modules.imageconversion@1.0.0)
    com.unity.modules.imgui@1.0.0 (location: D:\HoanKiemAirVR-Unity-main\HoanKiemAirVR-Unity-main\Library\PackageCache\com.unity.modules.imgui@1.0.0)
    com.unity.modules.jsonserialize@1.0.0 (location: D:\HoanKiemAirVR-Unity-main\HoanKiemAirVR-Unity-main\Library\PackageCache\com.unity.modules.jsonserialize@1.0.0)
    com.unity.modules.particlesystem@1.0.0 (location: D:\HoanKiemAirVR-Unity-main\HoanKiemAirVR-Unity-main\Library\PackageCache\com.unity.modules.particlesystem@1.0.0)
    com.unity.modules.physics@1.0.0 (location: D:\HoanKiemAirVR-Unity-main\HoanKiemAirVR-Unity-main\Library\PackageCache\com.unity.modules.physics@1.0.0)
    com.unity.modules.physics2d@1.0.0 (location: D:\HoanKiemAirVR-Unity-main\HoanKiemAirVR-Unity-main\Library\PackageCache\com.unity.modules.physics2d@1.0.0)
    com.unity.modules.screencapture@1.0.0 (location: D:\HoanKiemAirVR-Unity-main\HoanKiemAirVR-Unity-main\Library\PackageCache\com.unity.modules.screencapture@1.0.0)
    com.unity.modules.terrain@1.0.0 (location: D:\HoanKiemAirVR-Unity-main\HoanKiemAirVR-Unity-main\Library\PackageCache\com.unity.modules.terrain@1.0.0)
    com.unity.modules.terrainphysics@1.0.0 (location: D:\HoanKiemAirVR-Unity-main\HoanKiemAirVR-Unity-main\Library\PackageCache\com.unity.modules.terrainphysics@1.0.0)
    com.unity.modules.tilemap@1.0.0 (location: D:\HoanKiemAirVR-Unity-main\HoanKiemAirVR-Unity-main\Library\PackageCache\com.unity.modules.tilemap@1.0.0)
    com.unity.modules.ui@1.0.0 (location: D:\HoanKiemAirVR-Unity-main\HoanKiemAirVR-Unity-main\Library\PackageCache\com.unity.modules.ui@1.0.0)
    com.unity.modules.uielements@1.0.0 (location: D:\HoanKiemAirVR-Unity-main\HoanKiemAirVR-Unity-main\Library\PackageCache\com.unity.modules.uielements@1.0.0)
    com.unity.modules.umbra@1.0.0 (location: D:\HoanKiemAirVR-Unity-main\HoanKiemAirVR-Unity-main\Library\PackageCache\com.unity.modules.umbra@1.0.0)
    com.unity.modules.unityanalytics@1.0.0 (location: D:\HoanKiemAirVR-Unity-main\HoanKiemAirVR-Unity-main\Library\PackageCache\com.unity.modules.unityanalytics@1.0.0)
    com.unity.modules.unitywebrequest@1.0.0 (location: D:\HoanKiemAirVR-Unity-main\HoanKiemAirVR-Unity-main\Library\PackageCache\com.unity.modules.unitywebrequest@1.0.0)
    com.unity.modules.unitywebrequestassetbundle@1.0.0 (location: D:\HoanKiemAirVR-Unity-main\HoanKiemAirVR-Unity-main\Library\PackageCache\com.unity.modules.unitywebrequestassetbundle@1.0.0)
    com.unity.modules.unitywebrequestaudio@1.0.0 (location: D:\HoanKiemAirVR-Unity-main\HoanKiemAirVR-Unity-main\Library\PackageCache\com.unity.modules.unitywebrequestaudio@1.0.0)
    com.unity.modules.unitywebrequesttexture@1.0.0 (location: D:\HoanKiemAirVR-Unity-main\HoanKiemAirVR-Unity-main\Library\PackageCache\com.unity.modules.unitywebrequesttexture@1.0.0)
    com.unity.modules.unitywebrequestwww@1.0.0 (location: D:\HoanKiemAirVR-Unity-main\HoanKiemAirVR-Unity-main\Library\PackageCache\com.unity.modules.unitywebrequestwww@1.0.0)
    com.unity.modules.vehicles@1.0.0 (location: D:\HoanKiemAirVR-Unity-main\HoanKiemAirVR-Unity-main\Library\PackageCache\com.unity.modules.vehicles@1.0.0)
    com.unity.modules.video@1.0.0 (location: D:\HoanKiemAirVR-Unity-main\HoanKiemAirVR-Unity-main\Library\PackageCache\com.unity.modules.video@1.0.0)
    com.unity.modules.vr@1.0.0 (location: D:\HoanKiemAirVR-Unity-main\HoanKiemAirVR-Unity-main\Library\PackageCache\com.unity.modules.vr@1.0.0)
    com.unity.modules.wind@1.0.0 (location: D:\HoanKiemAirVR-Unity-main\HoanKiemAirVR-Unity-main\Library\PackageCache\com.unity.modules.wind@1.0.0)
    com.unity.modules.xr@1.0.0 (location: D:\HoanKiemAirVR-Unity-main\HoanKiemAirVR-Unity-main\Library\PackageCache\com.unity.modules.xr@1.0.0)
    com.unity.modules.subsystems@1.0.0 (location: D:\HoanKiemAirVR-Unity-main\HoanKiemAirVR-Unity-main\Library\PackageCache\com.unity.modules.subsystems@1.0.0)
    com.unity.render-pipelines.core@14.0.8 (location: D:\HoanKiemAirVR-Unity-main\HoanKiemAirVR-Unity-main\Library\PackageCache\com.unity.render-pipelines.core@14.0.8)
    com.unity.shadergraph@14.0.8 (location: D:\HoanKiemAirVR-Unity-main\HoanKiemAirVR-Unity-main\Library\PackageCache\com.unity.shadergraph@14.0.8)
[Subsystems] Looking for new subsystems at path D:\HoanKiemAirVR-Unity-main\HoanKiemAirVR-Unity-main\Library\PackageCache\com.unity.xr.oculus@4.0.0
[Subsystems] Novel subsystem found at Library/PackageCache/com.unity.xr.oculus@4.0.0/Runtime/UnitySubsystemsManifest.json
[Subsystems] Discovering subsystems at path C:/Program Files/Unity/Hub/Editor/2022.3.5f1/Editor/Data/Resources/UnitySubsystems
[Subsystems] Discovering subsystems at path D:/HoanKiemAirVR-Unity-main/HoanKiemAirVR-Unity-main/Assets
[Subsystems] Discovering subsystems at path D:\HoanKiemAirVR-Unity-main\HoanKiemAirVR-Unity-main\Library\PackageCache\com.unity.xr.oculus@4.0.0
[Subsystems] No descriptors matched for  examples in Library/PackageCache/com.unity.xr.oculus@4.0.0/Runtime/UnitySubsystemsManifest.json.
[Subsystems] 1 'inputs' descriptors matched in Library/PackageCache/com.unity.xr.oculus@4.0.0/Runtime/UnitySubsystemsManifest.json
[Subsystems] 1 'displays' descriptors matched in Library/PackageCache/com.unity.xr.oculus@4.0.0/Runtime/UnitySubsystemsManifest.json
[Subsystems] No descriptors matched for  meshings in Library/PackageCache/com.unity.xr.oculus@4.0.0/Runtime/UnitySubsystemsManifest.json.
Package Manager log level set to [2]
[Package Manager] Done registering packages in 0.10 seconds
Refreshing native plugins compatible for Editor in 12.20 ms, found 9 plugins.
Preloading 2 native plugins for Editor in 2.44 ms.
Initialize engine version: 2022.3.5f1 (9674261d40ee)
[Subsystems] Discovering subsystems at path C:/Program Files/Unity/Hub/Editor/2022.3.5f1/Editor/Data/Resources/UnitySubsystems
[Subsystems] Discovering subsystems at path D:/HoanKiemAirVR-Unity-main/HoanKiemAirVR-Unity-main/Assets
[Subsystems] Discovering subsystems at path D:\HoanKiemAirVR-Unity-main\HoanKiemAirVR-Unity-main\Library\PackageCache\com.unity.xr.oculus@4.0.0
[Subsystems] No descriptors matched for  examples in Library/PackageCache/com.unity.xr.oculus@4.0.0/Runtime/UnitySubsystemsManifest.json.
[Subsystems] 1 'inputs' descriptors matched in Library/PackageCache/com.unity.xr.oculus@4.0.0/Runtime/UnitySubsystemsManifest.json
[Subsystems] 1 'displays' descriptors matched in Library/PackageCache/com.unity.xr.oculus@4.0.0/Runtime/UnitySubsystemsManifest.json
[Subsystems] No descriptors matched for  meshings in Library/PackageCache/com.unity.xr.oculus@4.0.0/Runtime/UnitySubsystemsManifest.json.
GfxDevice: creating device client; threaded=0; jobified=0
Direct3D:
    Version:  Direct3D 11.0 [level 11.1]
    Renderer: NVIDIA GeForce RTX 3050 Laptop GPU (ID=0x25a2)
    Vendor:   NVIDIA
    VRAM:     3962 MB
    Driver:   32.0.16.1062
Shader 'Oculus/OVRMRCameraFrameLit': fallback shader 'Alpha-Diffuse' not found
[Licensing::Client] Successfully resolved entitlements
Initialize mono
Mono path[0] = 'C:/Program Files/Unity/Hub/Editor/2022.3.5f1/Editor/Data/Managed'
Mono path[1] = 'C:/Program Files/Unity/Hub/Editor/2022.3.5f1/Editor/Data/MonoBleedingEdge/lib/mono/unityjit-win32'
Mono config path = 'C:/Program Files/Unity/Hub/Editor/2022.3.5f1/Editor/Data/MonoBleedingEdge/etc'
Using monoOptions --debugger-agent=transport=dt_socket,embedding=1,server=y,suspend=n,address=127.0.0.1:56140
Using cacheserver namespaces - metadata:defaultmetadata, artifacts:defaultartifacts
Using cacheserver namespaces - metadata:defaultmetadata, artifacts:defaultartifacts
ImportWorker Server TCP listen port: 0
Begin MonoManager ReloadAssembly
Registering precompiled unity dll's ...
Register platform support module: C:/Program Files/Unity/Hub/Editor/2022.3.5f1/Editor/Data/PlaybackEngines/WindowsStandaloneSupport/UnityEditor.WindowsStandalone.Extensions.dll
Registered in 0.005291 seconds.
- Loaded All Assemblies, in  0.306 seconds
Native extension for WindowsStandalone target not found
Mono: successfully reloaded assembly
- Finished resetting the current domain, in  0.262 seconds
Domain Reload Profiling: 566ms
	BeginReloadAssembly (72ms)
		ExecutionOrderSort (0ms)
		DisableScriptedObjects (0ms)
		BackupInstance (0ms)
		ReleaseScriptingObjects (0ms)
		CreateAndSetChildDomain (1ms)
	RebuildCommonClasses (28ms)
	RebuildNativeTypeToScriptingClass (9ms)
	initialDomainReloadingComplete (61ms)
	LoadAllAssembliesAndSetupDomain (133ms)
		LoadAssemblies (71ms)
		RebuildTransferFunctionScriptingTraits (0ms)
		AnalyzeDomain (127ms)
			TypeCache.Refresh (126ms)
				TypeCache.ScanAssembly (113ms)
			ScanForSourceGeneratedMonoScriptInfo (0ms)
			ResolveRequiredComponents (1ms)
	FinalizeReload (262ms)
		ReleaseScriptCaches (0ms)
		RebuildScriptCaches (0ms)
		SetupLoadedEditorAssemblies (209ms)
			LogAssemblyErrors (0ms)
			InitializePlatformSupportModulesInManaged (8ms)
			SetLoadedEditorAssemblies (7ms)
			RefreshPlugins (0ms)
			BeforeProcessingInitializeOnLoad (2ms)
			ProcessInitializeOnLoadAttributes (150ms)
			ProcessInitializeOnLoadMethodAttributes (43ms)
			AfterProcessingInitializeOnLoad (0ms)
			EditorAssembliesLoaded (0ms)
		ExecutionOrderSort2 (0ms)
		AwakeInstancesAfterBackupRestoration (0ms)
[Licensing::Client] Successfully resolved entitlements
Application.AssetDatabase Initial Refresh Start
[ScriptCompilation] Requested script compilation because: Assetdatabase observed changes in script compilation related files
Starting: C:\Program Files\Unity\Hub\Editor\2022.3.5f1\Editor\Data\bee_backend.exe --dont-print-to-structured-log --ipc --defer-dag-verification --dagfile="Library/Bee/1900b0aE.dag" --continue-on-failure --profile="Library/Bee/backend1.traceevents" ScriptAssemblies
WorkingDir: D:/HoanKiemAirVR-Unity-main/HoanKiemAirVR-Unity-main
DisplayProgressbar: Compiling Scripts
ExitCode: 0 Duration: 1s786ms
[1017/1364  0s] ILPP-Configuration Library/ilpp-configuration.nevergeneratedoutput
[1360/1364  1s] Csc Library/Bee/artifacts/1900b0aE.dag/Assembly-CSharp-Editor.dll (+2 others)
Assets\Editor\WaypointPathPainter.cs(27,29): warning CS0414: The field 'WaypointPathPainter.autoSnapGround' is assigned but its value is never used

Assets\Editor\WaypointPathPainter.cs(26,30): warning CS0414: The field 'WaypointPathPainter.pointSpacingMin' is assigned but its value is never used
[1361/1364  0s] ILPostProcess Library/Bee/artifacts/1900b0aE.dag/post-processed/Assembly-CSharp-Editor.dll (+pdb)
Processing assembly Library/Bee/artifacts/1900b0aE.dag/Assembly-CSharp-Editor.dll, with 121 defines and 333 references

processors: zzzUnity.Burst.CodeGen.BurstILPostProcessor

running zzzUnity.Burst.CodeGen.BurstILPostProcessor
[1362/1364  0s] CopyFiles Library/ScriptAssemblies/Assembly-CSharp-Editor.pdb
[1363/1364  0s] CopyFiles Library/ScriptAssemblies/Assembly-CSharp-Editor.dll
*** Tundra build success (1.74 seconds), 5 items updated, 1364 evaluated
Assets\Editor\WaypointPathPainter.cs(27,29): warning CS0414: The field 'WaypointPathPainter.autoSnapGround' is assigned but its value is never used
Assets\Editor\WaypointPathPainter.cs(26,30): warning CS0414: The field 'WaypointPathPainter.pointSpacingMin' is assigned but its value is never used
AssetDatabase: script compilation time: 2.332462s
Begin MonoManager ReloadAssembly
- Loaded All Assemblies, in  1.024 seconds
Refreshing native plugins compatible for Editor in 7.31 ms, found 9 plugins.
Preloading 2 native plugins for Editor in 0.11 ms.
Start importing Assets/Editor/VNPTSetup.cs using Guid(9b4cf163af307d240b9390d9e1781bf7) Importer(-1,00000000000000000000000000000000)  -> (artifact id: '7c1699fccd28917dd8c921346699b44c') in 0.024875 seconds
Refreshing native plugins compatible for Editor in 6.56 ms, found 9 plugins.
Native extension for WindowsStandalone target not found
[XR] OculusXRPlugin: registering subsystems
[Subsystems] OculusXRPlugin successfully registered Provider for oculus display
[XR] Oculus Input lifecycle provider registered.
[Subsystems] OculusXRPlugin successfully registered Provider for oculus input
[Subsystems] OculusXRPlugin successfully registered Provider for oculus display
[XR] OVRP version 1.88.0
Mono: successfully reloaded assembly
- Finished resetting the current domain, in  3.729 seconds
Domain Reload Profiling: 4752ms
	BeginReloadAssembly (125ms)
		ExecutionOrderSort (0ms)
		DisableScriptedObjects (5ms)
		BackupInstance (0ms)
		ReleaseScriptingObjects (0ms)
		CreateAndSetChildDomain (25ms)
	RebuildCommonClasses (30ms)
	RebuildNativeTypeToScriptingClass (9ms)
	initialDomainReloadingComplete (28ms)
	LoadAllAssembliesAndSetupDomain (831ms)
		LoadAssemblies (488ms)
		RebuildTransferFunctionScriptingTraits (0ms)
		AnalyzeDomain (393ms)
			TypeCache.Refresh (338ms)
				TypeCache.ScanAssembly (322ms)
			ScanForSourceGeneratedMonoScriptInfo (38ms)
			ResolveRequiredComponents (18ms)
	FinalizeReload (3730ms)
		ReleaseScriptCaches (0ms)
		RebuildScriptCaches (0ms)
		SetupLoadedEditorAssemblies (3430ms)
			LogAssemblyErrors (0ms)
			InitializePlatformSupportModulesInManaged (6ms)
			SetLoadedEditorAssemblies (6ms)
			RefreshPlugins (0ms)
			BeforeProcessingInitializeOnLoad (90ms)
			ProcessInitializeOnLoadAttributes (3250ms)
			ProcessInitializeOnLoadMethodAttributes (72ms)
			AfterProcessingInitializeOnLoad (6ms)
			EditorAssembliesLoaded (0ms)
		ExecutionOrderSort2 (0ms)
		AwakeInstancesAfterBackupRestoration (8ms)
Refreshing native plugins compatible for Editor in 7.88 ms, found 9 plugins.
Preloading 2 native plugins for Editor in 0.11 ms.
Asset Pipeline Refresh (id=62745299f9500234ca8610a6d16369e3): Total: 9.576 seconds - Initiated by InitialRefreshV2(ForceSynchronousImport)
	Summary:
		Imports: total=1 (actual=1, local cache=0, cache server=0)
		Asset DB Process Time: managed=2 ms, native=2019 ms
		Asset DB Callback time: managed=262 ms, native=17 ms
		Scripting: domain reloads=1, domain reload time=4878 ms, compile time=2333 ms, other=61 ms
		Project Asset Count: scripts=10358, non-scripts=5180
		Asset File Changes: new=0, changed=1, moved=0, deleted=0
		Scan Filter Count: 0
	InvokeBeforeRefreshCallbacks: 0.231ms
	ApplyChangesToAssetFolders: 0.066ms
	Scan: 81.835ms
	OnSourceAssetsModified: 2.887ms
	GetAllGuidsForCategorization: 4.164ms
	CategorizeAssets: 446.231ms
	ImportOutOfDateAssets: 3870.125ms (1448.179ms without children)
		ImportManagerImport: 33.321ms (7.083ms without children)
			ImportInProcess: 26.232ms
			UpdateCategorizedAssets: 0.006ms
		CompileScripts: 2332.568ms
		ReloadNativeAssets: 0.033ms
		UnloadImportedAssets: 45.885ms
		ReloadImportedAssets: 0.000ms
		EnsureUptoDateAssetsAreRegisteredWithGuidPM: 5.654ms
		InitializingProgressBar: 0.009ms
		PostProcessAllAssetNotificationsAddChangedAssets: 0.001ms
		OnDemandSchedulerStart: 4.476ms
	PostProcessAllAssets: 263.391ms
	Hotreload: 13.644ms
	GatherAllCurrentPrimaryArtifactRevisions: 0.002ms
	UnloadStreamsBegin: 4.157ms
	PersistCurrentRevisions: 2.592ms
	UnloadStreamsEnd: 0.320ms
	GenerateScriptTypeHashes: 35.107ms
	Untracked: 4886.191ms
Application.AssetDatabase Initial Refresh End
Shader 'Oculus/OVRMRCameraFrameLit': fallback shader 'Alpha-Diffuse' not found
Launched and connected shader compiler UnityShaderCompiler.exe after 0.05 seconds
Scanning for USB devices : 2.215ms
Initializing Unity extensions:
[Licensing::Client] Successfully resolved entitlements
[MODES] ModeService[none].Initialize
[MODES] ModeService[none].LoadModes
[MODES] Loading mode Default (0) for mode-current-id-HKAir v2
ProgressiveSceneManager::Cancel()
Unloading 10 Unused Serialized files (Serialized files now loaded: 0)
Unloading 134 unused Assets / (0.9 MB). Loaded Objects now: 8737.
Memory consumption went from 239.6 MB to 238.7 MB.
Total: 8.972900 ms (FindLiveObjects: 0.518800 ms CreateObjectMapping: 0.573400 ms MarkObjects: 7.157600 ms  DeleteObjects: 0.721600 ms)

Opening scene 'Assets/Scenes/HoanKiem.unity'
Unloading 11 Unused Serialized files (Serialized files now loaded: 0)
Loaded scene 'Assets/Scenes/HoanKiem.unity'
	Deserialize:            1284.487 ms
	Integration:            836.854 ms
	Integration of assets:  28.437 ms
	Thread Wait Time:       -17.339 ms
	Total Operation Time:   2132.439 ms
Unloading 3 unused Assets / (1.9 KB). Loaded Objects now: 128117.
Memory consumption went from 371.9 MB to 371.9 MB.
Total: 32.697100 ms (FindLiveObjects: 15.602300 ms CreateObjectMapping: 5.555700 ms MarkObjects: 11.257100 ms  DeleteObjects: 0.280800 ms)

[VERIFY] Found ToaNha_VNPT_Hanoi in scene!
UnityEngine.StackTraceUtility:ExtractStackTrace ()
UnityEngine.DebugLogHandler:LogFormat (UnityEngine.LogType,UnityEngine.Object,string,object[])
UnityEngine.Logger:Log (UnityEngine.LogType,object)
UnityEngine.Debug:Log (object)
HoanKiemAirVR.Editor.VNPTSetup:VerifyVNPT () (at Assets/Editor/VNPTSetup.cs:248)

(Filename: Assets/Editor/VNPTSetup.cs Line: 248)

[VERIFY] World Position: (714.15, -0.49, -710.00)
UnityEngine.StackTraceUtility:ExtractStackTrace ()
UnityEngine.DebugLogHandler:LogFormat (UnityEngine.LogType,UnityEngine.Object,string,object[])
UnityEngine.Logger:Log (UnityEngine.LogType,object)
UnityEngine.Debug:Log (object)
HoanKiemAirVR.Editor.VNPTSetup:VerifyVNPT () (at Assets/Editor/VNPTSetup.cs:249)

(Filename: Assets/Editor/VNPTSetup.cs Line: 249)

[VERIFY] World Rotation: (0.00, 270.00, 0.00)
UnityEngine.StackTraceUtility:ExtractStackTrace ()
UnityEngine.DebugLogHandler:LogFormat (UnityEngine.LogType,UnityEngine.Object,string,object[])
UnityEngine.Logger:Log (UnityEngine.LogType,object)
UnityEngine.Debug:Log (object)
HoanKiemAirVR.Editor.VNPTSetup:VerifyVNPT () (at Assets/Editor/VNPTSetup.cs:250)

(Filename: Assets/Editor/VNPTSetup.cs Line: 250)

[VERIFY] World Scale: (1.00, 1.00, 1.00)
UnityEngine.StackTraceUtility:ExtractStackTrace ()
UnityEngine.DebugLogHandler:LogFormat (UnityEngine.LogType,UnityEngine.Object,string,object[])
UnityEngine.Logger:Log (UnityEngine.LogType,object)
UnityEngine.Debug:Log (object)
HoanKiemAirVR.Editor.VNPTSetup:VerifyVNPT () (at Assets/Editor/VNPTSetup.cs:251)

(Filename: Assets/Editor/VNPTSetup.cs Line: 251)

[VERIFY] Total MeshRenderers: 561
UnityEngine.StackTraceUtility:ExtractStackTrace ()
UnityEngine.DebugLogHandler:LogFormat (UnityEngine.LogType,UnityEngine.Object,string,object[])
UnityEngine.Logger:Log (UnityEngine.LogType,object)
UnityEngine.Debug:Log (object)
HoanKiemAirVR.Editor.VNPTSetup:VerifyVNPT () (at Assets/Editor/VNPTSetup.cs:254)

(Filename: Assets/Editor/VNPTSetup.cs Line: 254)

[VERIFY] Overall World Bounds Center: (714.15, 12.23, -710.00)
UnityEngine.StackTraceUtility:ExtractStackTrace ()
UnityEngine.DebugLogHandler:LogFormat (UnityEngine.LogType,UnityEngine.Object,string,object[])
UnityEngine.Logger:Log (UnityEngine.LogType,object)
UnityEngine.Debug:Log (object)
HoanKiemAirVR.Editor.VNPTSetup:VerifyVNPT () (at Assets/Editor/VNPTSetup.cs:282)

(Filename: Assets/Editor/VNPTSetup.cs Line: 282)

[VERIFY] Overall World Bounds Size: (42.00, 25.83, 82.00) (Width X: 42.0m, Height Y: 25.8m, Length Z: 82.0m)
UnityEngine.StackTraceUtility:ExtractStackTrace ()
UnityEngine.DebugLogHandler:LogFormat (UnityEngine.LogType,UnityEngine.Object,string,object[])
UnityEngine.Logger:Log (UnityEngine.LogType,object)
UnityEngine.Debug:Log (object)
HoanKiemAirVR.Editor.VNPTSetup:VerifyVNPT () (at Assets/Editor/VNPTSetup.cs:283)

(Filename: Assets/Editor/VNPTSetup.cs Line: 283)

[VERIFY] Bounds Min: (693.15, -0.69, -751.00), Bounds Max: (735.15, 25.14, -669.00)
UnityEngine.StackTraceUtility:ExtractStackTrace ()
UnityEngine.DebugLogHandler:LogFormat (UnityEngine.LogType,UnityEngine.Object,string,object[])
UnityEngine.Logger:Log (UnityEngine.LogType,object)
UnityEngine.Debug:Log (object)
HoanKiemAirVR.Editor.VNPTSetup:VerifyVNPT () (at Assets/Editor/VNPTSetup.cs:284)

(Filename: Assets/Editor/VNPTSetup.cs Line: 284)

[VERIFY] Material stats: 561 valid, 0 missing/default
UnityEngine.StackTraceUtility:ExtractStackTrace ()
UnityEngine.DebugLogHandler:LogFormat (UnityEngine.LogType,UnityEngine.Object,string,object[])
UnityEngine.Logger:Log (UnityEngine.LogType,object)
UnityEngine.Debug:Log (object)
HoanKiemAirVR.Editor.VNPTSetup:VerifyVNPT () (at Assets/Editor/VNPTSetup.cs:285)

(Filename: Assets/Editor/VNPTSetup.cs Line: 285)

[VERIFY] Entrance Door World Pos: (704.00, 2.76, -710.00) (Faces towards Lake if X < BuildingCenter: True)
UnityEngine.StackTraceUtility:ExtractStackTrace ()
UnityEngine.DebugLogHandler:LogFormat (UnityEngine.LogType,UnityEngine.Object,string,object[])
UnityEngine.Logger:Log (UnityEngine.LogType,object)
UnityEngine.Debug:Log (object)
HoanKiemAirVR.Editor.VNPTSetup:VerifyVNPT () (at Assets/Editor/VNPTSetup.cs:299)

(Filename: Assets/Editor/VNPTSetup.cs Line: 299)

[VERIFY] 'VNPT HÀ NỘI' Sign World Pos: (704.60, 18.41, -711.40) (On Lake side if X < BuildingCenter: True)
UnityEngine.StackTraceUtility:ExtractStackTrace ()
UnityEngine.DebugLogHandler:LogFormat (UnityEngine.LogType,UnityEngine.Object,string,object[])
UnityEngine.Logger:Log (UnityEngine.LogType,object)
UnityEngine.Debug:Log (object)
HoanKiemAirVR.Editor.VNPTSetup:VerifyVNPT () (at Assets/Editor/VNPTSetup.cs:300)

(Filename: Assets/Editor/VNPTSetup.cs Line: 300)

[VERIFY] Clock Tower World Pos: (712.75, 22.15, -710.00)
UnityEngine.StackTraceUtility:ExtractStackTrace ()
UnityEngine.DebugLogHandler:LogFormat (UnityEngine.LogType,UnityEngine.Object,string,object[])
UnityEngine.Logger:Log (UnityEngine.LogType,object)
UnityEngine.Debug:Log (object)
HoanKiemAirVR.Editor.VNPTSetup:VerifyVNPT () (at Assets/Editor/VNPTSetup.cs:301)

(Filename: Assets/Editor/VNPTSetup.cs Line: 301)

[VERIFY] Colliders attached: 2
UnityEngine.StackTraceUtility:ExtractStackTrace ()
UnityEngine.DebugLogHandler:LogFormat (UnityEngine.LogType,UnityEngine.Object,string,object[])
UnityEngine.Logger:Log (UnityEngine.LogType,object)
UnityEngine.Debug:Log (object)
HoanKiemAirVR.Editor.VNPTSetup:VerifyVNPT () (at Assets/Editor/VNPTSetup.cs:304)

(Filename: Assets/Editor/VNPTSetup.cs Line: 304)

  Collider on 'ToaNha_VNPT_Hanoi': Type=BoxCollider, Bounds=Center: (714.15, 8.51, -710.00), Extents: (19.95, 9.00, 38.95)
UnityEngine.StackTraceUtility:ExtractStackTrace ()
UnityEngine.DebugLogHandler:LogFormat (UnityEngine.LogType,UnityEngine.Object,string,object[])
UnityEngine.Logger:Log (UnityEngine.LogType,object)
UnityEngine.Debug:Log (object)
HoanKiemAirVR.Editor.VNPTSetup:VerifyVNPT () (at Assets/Editor/VNPTSetup.cs:307)

(Filename: Assets/Editor/VNPTSetup.cs Line: 307)

  Collider on 'Collider_ClockTower': Type=BoxCollider, Bounds=Center: (714.15, 20.51, -710.00), Extents: (3.00, 5.00, 3.00)
UnityEngine.StackTraceUtility:ExtractStackTrace ()
UnityEngine.DebugLogHandler:LogFormat (UnityEngine.LogType,UnityEngine.Object,string,object[])
UnityEngine.Logger:Log (UnityEngine.LogType,object)
UnityEngine.Debug:Log (object)
HoanKiemAirVR.Editor.VNPTSetup:VerifyVNPT () (at Assets/Editor/VNPTSetup.cs:307)

(Filename: Assets/Editor/VNPTSetup.cs Line: 307)

Batchmode quit successfully invoked - shutting down!
Setting up 4 worker threads for Enlighten.
[Licensing::IpcConnector] License Notification channel disconnected successfully.
[Licensing::IpcConnector] License Client channel disconnected successfully.
Curl error 35: Cert verify failed. Certificate could not be verified (either omitted or unsupported). UnityTls error code: 7
Cleanup mono
[Performance] WinEditorMain                                                                                                                                :        1 samples, Peak.  2.54 s (1.0x), Avg.  2.54 s, Total. 2.537 s (9.1%)
[Performance] WinEditorMain.ConfigureCrashHandler                                                                                                          :        1 samples, Peak.  19.8 us (1.0x), Avg.  19.8 us, Total. 19.80 us (0.0%)
[Performance] WinEditorMain.CurlRequestInitialize                                                                                                          :        1 samples, Peak.  1.07 ms (1.0x), Avg.  1.07 ms, Total. 1.073 ms (0.0%)
[Performance] WinEditorMain.SetupLogFile                                                                                                                   :        1 samples, Peak.   220 us (1.0x), Avg.   220 us, Total. 219.6 us (0.0%)
[Performance] WinEditorMain.RunNativeTestsIfRequiredAndExit                                                                                                :        1 samples, Peak.   100 ns (1.0x), Avg.   100 ns, Total. 100.0 ns (0.0%)
[Performance] WinEditorMain.Licensing                                                                                                                      :        1 samples, Peak.  2.51 s (1.0x), Avg.  2.51 s, Total. 2.509 s (9.0%)
[Performance] WinEditorMain.InitializeCrashHandler                                                                                                         :        1 samples, Peak.  22.3 ms (1.0x), Avg.  22.3 ms, Total. 22.33 ms (0.1%)
[Performance] WinEditorMain.CreateApplication                                                                                                              :        1 samples, Peak.   414 us (1.0x), Avg.   414 us, Total. 413.8 us (0.0%)
[Performance] Application.InitializeProject                                                                                                                :        1 samples, Peak.  14.1 s (1.0x), Avg.  14.1 s, Total. 14.13 s (50.6%)
[Performance] Application.PackageManager.StartServer                                                                                                       :        1 samples, Peak.  6.05 ms (1.0x), Avg.  6.05 ms, Total. 6.052 ms (0.0%)
[Performance] Application.AcquireProjectLock                                                                                                               :        1 samples, Peak.  4.76 ms (1.0x), Avg.  4.76 ms, Total. 4.765 ms (0.0%)
[Performance] Application.InitializeEngineNoGraphics                                                                                                       :        1 samples, Peak.  74.8 ms (1.0x), Avg.  74.8 ms, Total. 74.82 ms (0.3%)
[Performance] Application.PackageManager.Initialize                                                                                                        :        1 samples, Peak.   421 ms (1.0x), Avg.   421 ms, Total. 420.8 ms (1.5%)
[Performance] Connecting to Package Manager                                                                                                                :       43 samples, Peak.  84.3 us (14.4x), Avg.  5.87 us, Total. 252.4 us (0.0%)
[Performance] Application.EngineGraphics.Initialize                                                                                                        :        1 samples, Peak.  1.66 s (1.0x), Avg.  1.66 s, Total. 1.660 s (5.9%)
[Performance] Application.GI.Initialize                                                                                                                    :        1 samples, Peak.  3.47 ms (1.0x), Avg.  3.47 ms, Total. 3.468 ms (0.0%)
[Performance] Application.LoadAllDefaultResourcesFromEditor                                                                                                :        1 samples, Peak.  2.82 ms (1.0x), Avg.  2.82 ms, Total. 2.820 ms (0.0%)
[Performance] Application.LoadMonoAssemblies                                                                                                               :        1 samples, Peak.   577 ms (1.0x), Avg.   577 ms, Total. 576.6 ms (2.1%)
[Performance] RestoreManagedReferences                                                                                                                     :        2 samples, Peak.   110 ms (2.0x), Avg.  54.9 ms, Total. 109.9 ms (0.4%)
[Performance] InitializeOnLoad WindowLayout                                                                                                                :        2 samples, Peak.   696 us (1.0x), Avg.   670 us, Total. 1.341 ms (0.0%)
[Performance] InitializeOnLoad AssetStoreContext                                                                                                           :        2 samples, Peak.  23.4 ms (1.0x), Avg.  22.8 ms, Total. 45.67 ms (0.2%)
[Performance] InitializeOnLoad CloudBuild                                                                                                                  :        2 samples, Peak. 10.00 us (1.2x), Avg.  8.20 us, Total. 16.40 us (0.0%)
[Performance] InitializeOnLoad SettingsService                                                                                                             :        2 samples, Peak.  8.30 us (1.0x), Avg.  8.10 us, Total. 16.20 us (0.0%)
[Performance] InitializeOnLoad CacheServerWindow                                                                                                           :        2 samples, Peak.  11.0 us (1.1x), Avg.  10.1 us, Total. 20.30 us (0.0%)
[Performance] InitializeOnLoad MixerEffectDefinitionReloader                                                                                               :        2 samples, Peak.  2.83 ms (1.1x), Avg.  2.46 ms, Total. 4.926 ms (0.0%)
[Performance] InitializeOnLoad ShortcutIntegration                                                                                                         :        2 samples, Peak.  64.5 us (1.0x), Avg.  63.7 us, Total. 127.4 us (0.0%)
[Performance] InitializeOnLoad CheckNavigationPackage                                                                                                      :        2 samples, Peak.   502 us (1.1x), Avg.   442 us, Total. 883.3 us (0.0%)
[Performance] InitializeOnLoad NativeFormatImporterUtility                                                                                                 :        2 samples, Peak.  2.52 ms (1.0x), Avg.  2.45 ms, Total. 4.910 ms (0.0%)
[Performance] InitializeOnLoad PlayModeDownload                                                                                                            :        2 samples, Peak.  4.96 ms (1.9x), Avg.  2.59 ms, Total. 5.179 ms (0.0%)
[Performance] InitializeOnLoad PrefabInstanceChangedListener                                                                                               :        2 samples, Peak.   145 us (1.0x), Avg.   142 us, Total. 283.2 us (0.0%)
[Performance] InitializeOnLoad SearchService                                                                                                               :        2 samples, Peak.  97.8 us (1.0x), Avg.  93.8 us, Total. 187.5 us (0.0%)
[Performance] InitializeOnLoad MenuItems                                                                                                                   :        2 samples, Peak.  75.7 us (1.0x), Avg.  73.7 us, Total. 147.3 us (0.0%)
[Performance] InitializeOnLoad DrivenRectTransformUndo                                                                                                     :        2 samples, Peak.   213 us (1.1x), Avg.   201 us, Total. 401.9 us (0.0%)
[Performance] InitializeOnLoad UnityConnect                                                                                                                :        2 samples, Peak.  49.2 us (1.1x), Avg.  44.1 us, Total. 88.10 us (0.0%)
[Performance] InitializeOnLoad ObjectSelectorSearch                                                                                                        :        2 samples, Peak.  37.3 us (1.1x), Avg.  32.7 us, Total. 65.40 us (0.0%)
[Performance] InitializeOnLoad AddComponentWindow                                                                                                          :        2 samples, Peak.   104 us (1.1x), Avg.  92.3 us, Total. 184.5 us (0.0%)
[Performance] InitializeOnLoad SceneSearch                                                                                                                 :        2 samples, Peak.  30.5 us (1.1x), Avg.  27.1 us, Total. 54.10 us (0.0%)
[Performance] InitializeOnLoad ManagedDebuggerWindow                                                                                                       :        2 samples, Peak.   695 us (1.5x), Avg.   454 us, Total. 909.0 us (0.0%)
[Performance] InitializeOnLoad ProjectSearch                                                                                                               :        2 samples, Peak.  43.3 us (1.0x), Avg.  41.3 us, Total. 82.60 us (0.0%)
[Performance] InitializeOnLoad UISystemProfilerRenderService                                                                                               :        2 samples, Peak.  6.00 us (1.0x), Avg.  6.00 us, Total. 12.00 us (0.0%)
[Performance] InitializeOnLoad EditMode                                                                                                                    :        2 samples, Peak.   408 us (1.2x), Avg.   345 us, Total. 690.0 us (0.0%)
[Performance] InitializeOnLoad ManagedDebugger                                                                                                             :        2 samples, Peak.   700 ns (1.3x), Avg.   550 ns, Total. 1.100 us (0.0%)
[Performance] InitializeOnLoad EditorMonitor                                                                                                               :        2 samples, Peak.   451 us (1.1x), Avg.   397 us, Total. 794.6 us (0.0%)
[Performance] InitializeOnLoad RetainedMode                                                                                                                :        2 samples, Peak.  2.54 ms (1.2x), Avg.  2.15 ms, Total. 4.296 ms (0.0%)
[Performance] InitializeOnLoad EditorShaderLoader                                                                                                          :        2 samples, Peak.   599 us (1.1x), Avg.   566 us, Total. 1.132 ms (0.0%)
[Performance] InitializeOnLoad EditorDelegateRegistration                                                                                                  :        2 samples, Peak.   410 us (1.1x), Avg.   371 us, Total. 741.2 us (0.0%)
[Performance] InitializeOnLoad LiveReloadTrackerCreator                                                                                                    :        2 samples, Peak.   123 us (1.1x), Avg.   115 us, Total. 230.8 us (0.0%)
[Performance] InitializeOnLoad UxmlObjectEditorFactories                                                                                                   :        2 samples, Peak.   602 us (1.3x), Avg.   481 us, Total. 962.9 us (0.0%)
[Performance] InitializeOnLoad UIDocumentHierarchyWatcher                                                                                                  :        2 samples, Peak.   107 us (1.1x), Avg.  93.8 us, Total. 187.5 us (0.0%)
[Performance] InitializeOnLoad UXMLEditorFactories                                                                                                         :        2 samples, Peak.  60.3 ms (1.1x), Avg.  54.3 ms, Total. 108.7 ms (0.4%)
[Performance] InitializeOnLoad CloudBuildPoller                                                                                                            :        2 samples, Peak.   456 us (1.3x), Avg.   362 us, Total. 724.9 us (0.0%)
[Performance] InitializeOnLoad AnalyticsService                                                                                                            :        2 samples, Peak.  7.40 ms (1.1x), Avg.  6.80 ms, Total. 13.59 ms (0.0%)
[Performance] InitializeOnLoad UDPService                                                                                                                  :        2 samples, Peak.  5.68 ms (1.1x), Avg.  5.03 ms, Total. 10.06 ms (0.0%)
[Performance] InitializeOnLoad EditorGameServicesAnalytics                                                                                                 :        2 samples, Peak.  2.83 ms (1.7x), Avg.  1.67 ms, Total. 3.345 ms (0.0%)
[Performance] InitializeOnLoad PurchasingService                                                                                                           :        2 samples, Peak.  11.3 ms (1.1x), Avg.  10.6 ms, Total. 21.11 ms (0.1%)
[Performance] InitializeOnLoad ServicesRepository                                                                                                          :        2 samples, Peak.  2.00 us (1.1x), Avg.  1.75 us, Total. 3.500 us (0.0%)
[Performance] InitializeOnLoad AdsService                                                                                                                  :        2 samples, Peak.  5.17 ms (1.1x), Avg.  4.76 ms, Total. 9.515 ms (0.0%)
[Performance] InitializeOnLoad BuildService                                                                                                                :        2 samples, Peak.  4.24 ms (1.1x), Avg.  4.01 ms, Total. 8.017 ms (0.0%)
[Performance] InitializeOnLoad CrashService                                                                                                                :        2 samples, Peak.  4.73 ms (1.0x), Avg.  4.61 ms, Total. 9.230 ms (0.0%)
[Performance] InitializeOnLoad SearchWindow                                                                                                                :        2 samples, Peak.   504 us (1.4x), Avg.   367 us, Total. 733.3 us (0.0%)
[Performance] InitializeOnLoad CustomIndexers                                                                                                              :        2 samples, Peak.   385 us (1.1x), Avg.   351 us, Total. 701.1 us (0.0%)
[Performance] InitializeOnLoad SearchMonitor                                                                                                               :        2 samples, Peak.  2.62 ms (1.1x), Avg.  2.40 ms, Total. 4.800 ms (0.0%)
[Performance] InitializeOnLoad ParameterControllerEditor                                                                                                   :        2 samples, Peak.  21.9 us (1.1x), Avg.  19.3 us, Total. 38.60 us (0.0%)
[Performance] InitializeOnLoad LayerSettingsWindow                                                                                                         :        2 samples, Peak.  4.00 us (1.1x), Avg.  3.75 us, Total. 7.500 us (0.0%)
[Performance] InitializeOnLoad PackageManagerHookGUIDConverter.RegisterPackagesEventHandler                                                                :        2 samples, Peak.  1.12 ms (1.8x), Avg.   615 us, Total. 1.229 ms (0.0%)
[Performance] InitializeOnLoad EditorDragAndDrop.RegisterEditorClient                                                                                      :        2 samples, Peak.   240 us (1.0x), Avg.   230 us, Total. 460.7 us (0.0%)
[Performance] InitializeOnLoad EditorEventCallbacks.InitializeFontAssetResourceChangeCallBacks                                                             :        2 samples, Peak.  1.22 ms (1.1x), Avg.  1.13 ms, Total. 2.266 ms (0.0%)
[Performance] InitializeOnLoad SceneTemplateService.Init                                                                                                   :        2 samples, Peak.  1.34 ms (1.1x), Avg.  1.27 ms, Total. 2.531 ms (0.0%)
[Performance] InitializeOnLoad DiagnosticSwitchesConsoleMessage.Init                                                                                       :        2 samples, Peak.  5.02 ms (1.8x), Avg.  2.72 ms, Total. 5.442 ms (0.0%)
[Performance] InitializeOnLoad PackageManagerWindow.EditorInitializedInSafeMode                                                                            :        2 samples, Peak.  23.2 ms (2.0x), Avg.  11.7 ms, Total. 23.33 ms (0.1%)
[Performance] InitializeOnLoad AssetPostprocessingInternal.RefreshCustomDependencies                                                                       :        2 samples, Peak.  3.83 ms (1.2x), Avg.  3.15 ms, Total. 6.305 ms (0.0%)
[Performance] InitializeOnLoad ToolShortcutContext.Init                                                                                                    :        2 samples, Peak.   254 us (1.3x), Avg.   190 us, Total. 380.9 us (0.0%)
[Performance] InitializeOnLoad MemoryProfilerCompilationGuard.InjectCompileGuard                                                                           :        2 samples, Peak.   141 us (1.1x), Avg.   130 us, Total. 260.5 us (0.0%)
[Performance] InitializeOnLoad ScopedRegistryAddedPopup.SubscribeToRegistriesAdded                                                                         :        2 samples, Peak.  7.52 ms (2.0x), Avg.  3.81 ms, Total. 7.617 ms (0.0%)
[Performance] InitializeOnLoad EditorWindow.Initialize                                                                                                     :        2 samples, Peak.   185 us (1.1x), Avg.   166 us, Total. 331.5 us (0.0%)
[Performance] InitializeOnLoad SysrootManager.Initialize                                                                                                   :        2 samples, Peak.   777 us (1.3x), Avg.   604 us, Total. 1.209 ms (0.0%)
[Performance] InitializeOnLoad SceneVisibilityManager.Initialize                                                                                           :        2 samples, Peak.  5.23 ms (1.6x), Avg.  3.25 ms, Total. 6.507 ms (0.0%)
[Performance] AssemblyReloadEvents.afterAssemblyReload: UnityEditor.SceneTemplate.SceneTemplateService.AfterAssemblyReload                                 :        2 samples, Peak.  6.86 ms (1.9x), Avg.  3.59 ms, Total. 7.177 ms (0.0%)
[Performance] ProcessService.EditorAfterLoadAllAssemblies                                                                                                  :        2 samples, Peak.   900 us (1.5x), Avg.   602 us, Total. 1.205 ms (0.0%)
[Performance] Application.ReadLicenseInfo                                                                                                                  :        1 samples, Peak.  14.5 ms (1.0x), Avg.  14.5 ms, Total. 14.50 ms (0.1%)
[Performance] Application.InitialRefresh                                                                                                                   :        1 samples, Peak.  9.58 s (1.0x), Avg.  9.58 s, Total. 9.580 s (34.3%)
[Performance] ShaderImporter.SourceAssetModified                                                                                                           :        2 samples, Peak.   800 ns (1.3x), Avg.   600 ns, Total. 1.200 us (0.0%)
[Performance] ShaderIncludeImporter.SourceAssetModified                                                                                                    :        2 samples, Peak.  1.40 us (1.0x), Avg.  1.35 us, Total. 2.700 us (0.0%)
[Performance] Compiling Scripts                                                                                                                            :        1 samples, Peak.  2.33 s (1.0x), Avg.  2.33 s, Total. 2.333 s (8.4%)
[Performance] AssemblyReloadEvents.beforeAssemblyReload: UnityEditor.SceneTemplate.SceneTemplateService.BeforeAssemblyReload                               :        1 samples, Peak.   450 us (1.0x), Avg.   450 us, Total. 450.4 us (0.0%)
[Performance] PresetManagerPostProcessor.OnPreprocessAsset                                                                                                 :        1 samples, Peak.  1.04 ms (1.0x), Avg.  1.04 ms, Total. 1.043 ms (0.0%)
[Performance] CancelSplashScreenOnAssetChange.OnPreprocessAsset                                                                                            :        1 samples, Peak.   114 us (1.0x), Avg.   114 us, Total. 113.8 us (0.0%)
[Performance] ShaderGraphAssetPostProcessor.OnPreprocessAsset                                                                                              :        1 samples, Peak.   156 us (1.0x), Avg.   156 us, Total. 156.4 us (0.0%)
[Performance] InitializeOnLoad TouchSimulation                                                                                                             :        1 samples, Peak.   241 us (1.0x), Avg.   241 us, Total. 241.3 us (0.0%)
[Performance] InitializeOnLoad InputSystem                                                                                                                 :        1 samples, Peak.  50.7 ms (1.0x), Avg.  50.7 ms, Total. 50.70 ms (0.2%)
[Performance] InitializeOnLoad BurstLoader                                                                                                                 :        1 samples, Peak.  2.51 s (1.0x), Avg.  2.51 s, Total. 2.512 s (9.0%)
[Performance] InitializeOnLoad ShadowCasterGroup2DManager                                                                                                  :        1 samples, Peak.   485 us (1.0x), Avg.   485 us, Total. 485.5 us (0.0%)
[Performance] InitializeOnLoad PlatformSettings                                                                                                            :        1 samples, Peak.  16.6 us (1.0x), Avg.  16.6 us, Total. 16.60 us (0.0%)
[Performance] InitializeOnLoad PrefabLayoutRebuilder                                                                                                       :        1 samples, Peak.   735 us (1.0x), Avg.   735 us, Total. 735.4 us (0.0%)
[Performance] InitializeOnLoad OculusSampleFrameworkUtil                                                                                                   :        1 samples, Peak.   291 us (1.0x), Avg.   291 us, Total. 291.3 us (0.0%)
[Performance] InitializeOnLoad RoadTracer                                                                                                                  :        1 samples, Peak.   350 us (1.0x), Avg.   350 us, Total. 350.0 us (0.0%)
[Performance] InitializeOnLoad CityCrowdAutoBake                                                                                                           :        1 samples, Peak.   240 us (1.0x), Avg.   240 us, Total. 239.6 us (0.0%)
[Performance] InitializeOnLoad CrowdAutoRebake                                                                                                             :        1 samples, Peak.  81.8 us (1.0x), Avg.  81.8 us, Total. 81.80 us (0.0%)
[Performance] InitializeOnLoad SelectedInspector                                                                                                           :        1 samples, Peak.   215 us (1.0x), Avg.   215 us, Total. 214.9 us (0.0%)
[Performance] InitializeOnLoad UnityObjectAddedBroadcaster                                                                                                 :        1 samples, Peak.  3.69 ms (1.0x), Avg.  3.69 ms, Total. 3.688 ms (0.0%)
[Performance] InitializeOnLoad AutoWiring                                                                                                                  :        1 samples, Peak.   425 us (1.0x), Avg.   425 us, Total. 425.1 us (0.0%)
[Performance] InitializeOnLoad InteractionAutoWiring                                                                                                       :        1 samples, Peak.  1.16 ms (1.0x), Avg.  1.16 ms, Total. 1.157 ms (0.0%)
[Performance] InitializeOnLoad PackageCleanup                                                                                                              :        1 samples, Peak.   150 us (1.0x), Avg.   150 us, Total. 150.3 us (0.0%)
[Performance] InitializeOnLoad PluginUpdater                                                                                                               :        1 samples, Peak.   235 us (1.0x), Avg.   235 us, Total. 235.3 us (0.0%)
[Performance] InitializeOnLoad OVRAutoWiring                                                                                                               :        1 samples, Peak.   693 us (1.0x), Avg.   693 us, Total. 693.1 us (0.0%)
[Performance] InitializeOnLoad ButtonFallbackComposite                                                                                                     :        1 samples, Peak.   376 us (1.0x), Avg.   376 us, Total. 375.9 us (0.0%)
[Performance] InitializeOnLoad IntegerFallbackComposite                                                                                                    :        1 samples, Peak.  82.7 us (1.0x), Avg.  82.7 us, Total. 82.70 us (0.0%)
[Performance] InitializeOnLoad Vector3FallbackComposite                                                                                                    :        1 samples, Peak.   138 us (1.0x), Avg.   138 us, Total. 137.9 us (0.0%)
[Performance] InitializeOnLoad SectorInteraction                                                                                                           :        1 samples, Peak.   200 us (1.0x), Avg.   200 us, Total. 199.8 us (0.0%)
[Performance] InitializeOnLoad QuaternionFallbackComposite                                                                                                 :        1 samples, Peak.  67.9 us (1.0x), Avg.  67.9 us, Total. 67.90 us (0.0%)
[Performance] InitializeOnLoad SimulatedInputLayoutLoader                                                                                                  :        1 samples, Peak.   184 us (1.0x), Avg.   184 us, Total. 183.5 us (0.0%)
[Performance] InitializeOnLoad ScriptableSettingsInitializer                                                                                               :        1 samples, Peak.   175 us (1.0x), Avg.   175 us, Total. 174.6 us (0.0%)
[Performance] InitializeOnLoad BuildValidator                                                                                                              :        1 samples, Peak.   496 us (1.0x), Avg.   496 us, Total. 495.6 us (0.0%)
[Performance] InitializeOnLoad InteractionLayerUpdater                                                                                                     :        1 samples, Peak.  5.10 us (1.0x), Avg.  5.10 us, Total. 5.100 us (0.0%)
[Performance] InitializeOnLoad ONSPSettings                                                                                                                :        1 samples, Peak.  3.90 us (1.0x), Avg.  3.90 us, Total. 3.900 us (0.0%)
[Performance] InitializeOnLoad BackgroundWatcher                                                                                                           :        1 samples, Peak.   134 us (1.0x), Avg.   134 us, Total. 134.5 us (0.0%)
[Performance] InitializeOnLoad UnityTestProtocolStarter                                                                                                    :        1 samples, Peak.   233 us (1.0x), Avg.   233 us, Total. 233.3 us (0.0%)
[Performance] InitializeOnLoad TestStarter                                                                                                                 :        1 samples, Peak.   655 us (1.0x), Avg.   655 us, Total. 655.1 us (0.0%)
[Performance] InitializeOnLoad RerunCallbackInitializer                                                                                                    :        1 samples, Peak.  7.10 ms (1.0x), Avg.  7.10 ms, Total. 7.101 ms (0.0%)
[Performance] InitializeOnLoad RiderScriptEditor                                                                                                           :        1 samples, Peak.  8.88 ms (1.0x), Avg.  8.88 ms, Total. 8.875 ms (0.0%)
[Performance] InitializeOnLoad CallbackInitializer                                                                                                         :        1 samples, Peak.  4.76 ms (1.0x), Avg.  4.76 ms, Total. 4.765 ms (0.0%)
[Performance] InitializeOnLoad RealtimeProbeSubdivisionDebug                                                                                               :        1 samples, Peak.   546 us (1.0x), Avg.   546 us, Total. 545.8 us (0.0%)
[Performance] InitializeOnLoad ProbeGIBaking                                                                                                               :        1 samples, Peak.  3.43 ms (1.0x), Avg.  3.43 ms, Total. 3.427 ms (0.0%)
[Performance] InitializeOnLoad FilterWindow                                                                                                                :        1 samples, Peak.  48.2 us (1.0x), Avg.  48.2 us, Total. 48.20 us (0.0%)
[Performance] InitializeOnLoad CoverageReporterStarter                                                                                                     :        1 samples, Peak.  8.96 ms (1.0x), Avg.  8.96 ms, Total. 8.964 ms (0.0%)
[Performance] InitializeOnLoad XRGeneralSettingsPerBuildTarget                                                                                             :        1 samples, Peak.   468 us (1.0x), Avg.   468 us, Total. 467.6 us (0.0%)
[Performance] InitializeOnLoad XRLegacyUninstaller                                                                                                         :        1 samples, Peak.  8.17 ms (1.0x), Avg.  8.17 ms, Total. 8.170 ms (0.0%)
[Performance] InitializeOnLoad XRPackageInitializationBootstrap                                                                                            :        1 samples, Peak.   197 us (1.0x), Avg.   197 us, Total. 197.1 us (0.0%)
[Performance] InitializeOnLoad XRPackageMetadataStore                                                                                                      :        1 samples, Peak.   511 us (1.0x), Avg.   511 us, Total. 510.6 us (0.0%)
[Performance] InitializeOnLoad WitUnderstandingViewerVoiceServiceAPI                                                                                       :        1 samples, Peak.   592 us (1.0x), Avg.   592 us, Total. 591.9 us (0.0%)
[Performance] InitializeOnLoad VSCodeScriptEditor                                                                                                          :        1 samples, Peak.  7.79 ms (1.0x), Avg.  7.79 ms, Total. 7.791 ms (0.0%)
[Performance] InitializeOnLoad InputLayoutLoader                                                                                                           :        1 samples, Peak.  3.15 ms (1.0x), Avg.  3.15 ms, Total. 3.148 ms (0.0%)
[Performance] InitializeOnLoad OculusEnterPlayModeSettingsCheck                                                                                            :        1 samples, Peak.   926 us (1.0x), Avg.   926 us, Total. 926.1 us (0.0%)
[Performance] InitializeOnLoad NodeClassCache                                                                                                              :        1 samples, Peak.  50.6 us (1.0x), Avg.  50.6 us, Total. 50.60 us (0.0%)
[Performance] InitializeOnLoad ShaderGraphMaterialsUpdater                                                                                                 :        2 samples, Peak.  1.52 ms (1.6x), Avg.   968 us, Total. 1.937 ms (0.0%)
[Performance] InitializeOnLoad EditorToolManager                                                                                                           :        1 samples, Peak.  3.56 ms (1.0x), Avg.  3.56 ms, Total. 3.561 ms (0.0%)
[Performance] InitializeOnLoad Renderer2DAnalytics                                                                                                         :        1 samples, Peak.   114 us (1.0x), Avg.   114 us, Total. 113.7 us (0.0%)
[Performance] InitializeOnLoad RendererDataPatcher                                                                                                         :        1 samples, Peak.   191 ms (1.0x), Avg.   191 ms, Total. 190.8 ms (0.7%)
[Performance] InitializeOnLoad PlasticPlugin                                                                                                               :        1 samples, Peak.   110 ms (1.0x), Avg.   110 ms, Total. 110.0 ms (0.4%)
[Performance] InitializeOnLoad VSUsageUtility                                                                                                              :        1 samples, Peak.  99.9 ms (1.0x), Avg.  99.9 ms, Total. 99.93 ms (0.4%)
[Performance] InitializeOnLoad ONSPAudioPluginUpdater                                                                                                      :        1 samples, Peak.  2.16 ms (1.0x), Avg.  2.16 ms, Total. 2.158 ms (0.0%)
[Performance] InitializeOnLoad ToolbarBootstrap                                                                                                            :        1 samples, Peak.   913 us (1.0x), Avg.   913 us, Total. 913.4 us (0.0%)
[Performance] InitializeOnLoad VisualStudioEditor                                                                                                          :        1 samples, Peak.  9.01 ms (1.0x), Avg.  9.01 ms, Total. 9.007 ms (0.0%)
[Performance] InitializeOnLoad VisualStudioIntegration                                                                                                     :        1 samples, Peak.  2.92 ms (1.0x), Avg.  2.92 ms, Total. 2.924 ms (0.0%)
[Performance] InitializeOnLoad TestRunnerApiListener                                                                                                       :        1 samples, Peak.  2.41 ms (1.0x), Avg.  2.41 ms, Total. 2.415 ms (0.0%)
[Performance] InitializeOnLoad LogPreferences                                                                                                              :        1 samples, Peak.   346 us (1.0x), Avg.   346 us, Total. 345.7 us (0.0%)
[Performance] InitializeOnLoad EntityVisibility                                                                                                            :        1 samples, Peak.   323 us (1.0x), Avg.   323 us, Total. 322.6 us (0.0%)
[Performance] InitializeOnLoad VertexManipulationToolSettings                                                                                              :        1 samples, Peak.  76.0 us (1.0x), Avg.  76.0 us, Total. 76.00 us (0.0%)
[Performance] InitializeOnLoad UndoUtility                                                                                                                 :        1 samples, Peak.  86.9 us (1.0x), Avg.  86.9 us, Total. 86.90 us (0.0%)
[Performance] InitializeOnLoad MeshSelection                                                                                                               :        1 samples, Peak.  3.91 ms (1.0x), Avg.  3.91 ms, Total. 3.906 ms (0.0%)
[Performance] InitializeOnLoad DestroyListener                                                                                                             :        1 samples, Peak.   323 us (1.0x), Avg.   323 us, Total. 322.8 us (0.0%)
[Performance] InitializeOnLoad VersionValidator                                                                                                            :        1 samples, Peak.   508 us (1.0x), Avg.   508 us, Total. 508.2 us (0.0%)
[Performance] InitializeOnLoad HierarchyListener                                                                                                           :        1 samples, Peak.   344 us (1.0x), Avg.   344 us, Total. 344.1 us (0.0%)
[Performance] InitializeOnLoad Lightmapping                                                                                                                :        1 samples, Peak.   638 us (1.0x), Avg.   638 us, Total. 638.2 us (0.0%)
[Performance] InitializeOnLoad SceneDragAndDropListener                                                                                                    :        1 samples, Peak.   643 us (1.0x), Avg.   643 us, Total. 642.7 us (0.0%)
[Performance] InitializeOnLoad ProGridsInterface                                                                                                           :        1 samples, Peak.  2.93 ms (1.0x), Avg.  2.93 ms, Total. 2.929 ms (0.0%)
[Performance] InitializeOnLoad OVRLint                                                                                                                     :        1 samples, Peak.   372 us (1.0x), Avg.   372 us, Total. 372.1 us (0.0%)
[Performance] InitializeOnLoad OVRTelemetryPopup                                                                                                           :        1 samples, Peak.   178 us (1.0x), Avg.   178 us, Total. 177.7 us (0.0%)
[Performance] InitializeOnLoad OVRProjectSetupMovementSDKTasks2                                                                                            :        1 samples, Peak.  13.3 ms (1.0x), Avg.  13.3 ms, Total. 13.31 ms (0.0%)
[Performance] InitializeOnLoad OVRProjectSetupUpdater                                                                                                      :        1 samples, Peak.  1.80 us (1.0x), Avg.  1.80 us, Total. 1.800 us (0.0%)
[Performance] InitializeOnLoad OVREngineConfigurationUpdater                                                                                               :        1 samples, Peak.  1.57 ms (1.0x), Avg.  1.57 ms, Total. 1.567 ms (0.0%)
[Performance] InitializeOnLoad OVRProjectSetupPassthrough                                                                                                  :        1 samples, Peak.  3.63 ms (1.0x), Avg.  3.63 ms, Total. 3.628 ms (0.0%)
[Performance] InitializeOnLoad OVRGradleGeneration                                                                                                         :        1 samples, Peak.   117 us (1.0x), Avg.   117 us, Total. 117.0 us (0.0%)
[Performance] InitializeOnLoad OVREditorStart                                                                                                              :        1 samples, Peak.  25.6 ms (1.0x), Avg.  25.6 ms, Total. 25.60 ms (0.1%)
[Performance] InitializeOnLoad OVRProjectSetupSceneTasks                                                                                                   :        1 samples, Peak.   474 us (1.0x), Avg.   474 us, Total. 473.5 us (0.0%)
[Performance] InitializeOnLoad OculusBuildApp                                                                                                              :        1 samples, Peak.  11.6 us (1.0x), Avg.  11.6 us, Total. 11.60 us (0.0%)
[Performance] InitializeOnLoad OVRProjectSetupRenderingTasks                                                                                               :        1 samples, Peak.  2.20 ms (1.0x), Avg.  2.20 ms, Total. 2.196 ms (0.0%)
[Performance] InitializeOnLoad OVRProjectConfig                                                                                                            :        1 samples, Peak.   176 us (1.0x), Avg.   176 us, Total. 175.7 us (0.0%)
[Performance] InitializeOnLoad OVRProjectSetupStatusIcon                                                                                                   :        1 samples, Peak.   784 us (1.0x), Avg.   784 us, Total. 783.5 us (0.0%)
[Performance] InitializeOnLoad OVRProjectSetupCompatibilityTasks                                                                                           :        1 samples, Peak.  4.70 us (1.0x), Avg.  4.70 us, Total. 4.700 us (0.0%)
[Performance] InitializeOnLoad OVRPluginUpdater                                                                                                            :        1 samples, Peak.   259 us (1.0x), Avg.   259 us, Total. 259.0 us (0.0%)
[Performance] InitializeOnLoad OVRProjectSetupPhysicsTasks                                                                                                 :        1 samples, Peak.   535 us (1.0x), Avg.   535 us, Total. 535.2 us (0.0%)
[Performance] InitializeOnLoad OVRConfig                                                                                                                   :        1 samples, Peak.  5.00 us (1.0x), Avg.  5.00 us, Total. 5.000 us (0.0%)
[Performance] InitializeOnLoad OVRProjectSetupQualityTasks                                                                                                 :        1 samples, Peak.   701 us (1.0x), Avg.   701 us, Total. 701.3 us (0.0%)
[Performance] InitializeOnLoad OVREditorShutdown                                                                                                           :        1 samples, Peak.  94.1 us (1.0x), Avg.  94.1 us, Total. 94.10 us (0.0%)
[Performance] InitializeOnLoad OVRPlatformToolSettings                                                                                                     :        1 samples, Peak.   110 us (1.0x), Avg.   110 us, Total. 110.1 us (0.0%)
[Performance] InitializeOnLoad ConsoleLinkEventHandler                                                                                                     :        1 samples, Peak.  3.40 us (1.0x), Avg.  3.40 us, Total. 3.400 us (0.0%)
[Performance] InitializeOnLoad OVRProjectSetupXRTasks                                                                                                      :        1 samples, Peak.   872 us (1.0x), Avg.   872 us, Total. 872.1 us (0.0%)
[Performance] InitializeOnLoad OVRProjectSetupMovementSDKConfigurationTasks                                                                                :        1 samples, Peak.   667 us (1.0x), Avg.   667 us, Total. 666.9 us (0.0%)
[Performance] InitializeOnLoad StarterAssetsSampleProjectValidation.RegisterProjectValidationRules                                                         :        1 samples, Peak.  2.43 ms (1.0x), Avg.  2.43 ms, Total. 2.434 ms (0.0%)
[Performance] InitializeOnLoad OculusLoader.EditorLoadOVRPlugin                                                                                            :        1 samples, Peak.  5.81 ms (1.0x), Avg.  5.81 ms, Total. 5.808 ms (0.0%)
[Performance] InitializeOnLoad ProBuilderSettings.SaveSettingsOnExit                                                                                       :        1 samples, Peak.   253 us (1.0x), Avg.   253 us, Total. 253.2 us (0.0%)
[Performance] InitializeOnLoad MaterialReimporter.RegisterUpgraderReimport                                                                                 :        2 samples, Peak.   629 us (1.7x), Avg.   360 us, Total. 719.5 us (0.0%)
[Performance] InitializeOnLoad $BurstDirectCallInitializer.Initialize                                                                                      :        1 samples, Peak.  20.4 ms (1.0x), Avg.  20.4 ms, Total. 20.44 ms (0.1%)
[Performance] InitializeOnLoad TestJobDataHolder.ResumeRunningJobs                                                                                         :        1 samples, Peak.  2.19 ms (1.0x), Avg.  2.19 ms, Total. 2.191 ms (0.0%)
[Performance] InitializeOnLoad AnalyticsReporter.RegisterCallbacks                                                                                         :        1 samples, Peak.  1.52 ms (1.0x), Avg.  1.52 ms, Total. 1.520 ms (0.0%)
[Performance] InitializeOnLoad VolumeGizmoDrawer.InitVolumeGizmoCallbacks                                                                                  :        1 samples, Peak.   593 us (1.0x), Avg.   593 us, Total. 593.3 us (0.0%)
[Performance] InitializeOnLoad CoreRenderPipelinePreferences.InitPreferenceProviders                                                                       :        1 samples, Peak.  16.6 ms (1.0x), Avg.  16.6 ms, Total. 16.63 ms (0.1%)
[Performance] InitializeOnLoad DebugManagerWindowLifetimeAnalytic.SubscribeToDebugManagerOpenCloseWindows                                                  :        1 samples, Peak.   530 us (1.0x), Avg.   530 us, Total. 529.8 us (0.0%)
[Performance] InitializeOnLoad SampleMetadata.OnScriptReloaded                                                                                             :        1 samples, Peak.   110 us (1.0x), Avg.   110 us, Total. 109.7 us (0.0%)
[Performance] DidReloadScriptsWitConfigurationEditor.OnScriptsReloaded                                                                                     :        1 samples, Peak.  6.85 ms (1.0x), Avg.  6.85 ms, Total. 6.846 ms (0.0%)
[Performance] DidReloadScriptsAdvancedDropdownWindow.OnScriptReload                                                                                        :        2 samples, Peak.   329 us (1.1x), Avg.   294 us, Total. 588.0 us (0.0%)
[Performance] DidReloadScriptsPackageVersionUtility.OnReloadScripts                                                                                        :        1 samples, Peak.   103 us (1.0x), Avg.   103 us, Total. 103.3 us (0.0%)
[Performance] DidReloadScriptsTestRunnerWindow.CompilationCallback                                                                                         :        1 samples, Peak.   284 us (1.0x), Avg.   284 us, Total. 283.8 us (0.0%)
[Performance] DidReloadScriptsTestListCache.ScriptReloaded                                                                                                 :        1 samples, Peak.  2.82 ms (1.0x), Avg.  2.82 ms, Total. 2.824 ms (0.0%)
[Performance] DidReloadScriptsDebugWindow.OnEditorReload                                                                                                   :        1 samples, Peak.  12.5 ms (1.0x), Avg.  12.5 ms, Total. 12.49 ms (0.0%)
[Performance] DidReloadScriptsVolumeComponentEditor.OnEditorReload                                                                                         :        1 samples, Peak.  30.8 ms (1.0x), Avg.  30.8 ms, Total. 30.77 ms (0.1%)
[Performance] DidReloadScriptsLookDev.OnEditorReload                                                                                                       :        1 samples, Peak.   460 us (1.0x), Avg.   460 us, Total. 460.3 us (0.0%)
[Performance] DidReloadScriptsOVRManager.ScriptsReloaded                                                                                                   :        1 samples, Peak.  44.6 us (1.0x), Avg.  44.6 us, Total. 44.60 us (0.0%)
[Performance] AssemblyReloadEvents.afterAssemblyReload: UnityEditor.XR.Management.Metadata.XRPackageMetadataStore.AssemblyReloadEvents_afterAssemblyReload :        1 samples, Peak.  4.15 ms (1.0x), Avg.  4.15 ms, Total. 4.146 ms (0.0%)
[Performance] AssemblyReloadEvents.afterAssemblyReload: UnityEditor.ProBuilder.HierarchyListener.OnAfterAssemblyReload                                     :        1 samples, Peak.   325 us (1.0x), Avg.   325 us, Total. 325.4 us (0.0%)
[Performance] AssetDatabase.ImportAssets                                                                                                                   :        3 samples, Peak.  8.70 us (2.5x), Avg.  3.43 us, Total. 10.30 us (0.0%)
[Performance] VersionControl.Task.Wait                                                                                                                     :        1 samples, Peak.  26.9 us (1.0x), Avg.  26.9 us, Total. 26.90 us (0.0%)
[Performance] WitConfigurationPostprocessor.OnPostprocessAllAssets                                                                                         :        2 samples, Peak.   279 us (1.3x), Avg.   209 us, Total. 418.1 us (0.0%)
[Performance] AudioImportPostProcessor.OnPostprocessAllAssets                                                                                              :        2 samples, Peak.  1.63 ms (1.0x), Avg.  1.62 ms, Total. 3.246 ms (0.0%)
[Performance] TMPro_TexturePostProcessor.OnPostprocessAllAssets                                                                                            :        2 samples, Peak.   514 us (1.0x), Avg.   511 us, Total. 1.022 ms (0.0%)
[Performance] AssetPostprocessor.OnPostprocessAllAssets                                                                                                    :        2 samples, Peak.   293 us (1.0x), Avg.   291 us, Total. 582.6 us (0.0%)
[Performance] BuilderAssetPostprocessor.OnPostprocessAllAssets                                                                                             :        2 samples, Peak.  3.21 ms (1.0x), Avg.  3.20 ms, Total. 6.399 ms (0.0%)
[Performance] ArtifactBrowserPostProcessor.OnPostprocessAllAssets                                                                                          :        2 samples, Peak.   362 us (1.0x), Avg.   359 us, Total. 718.0 us (0.0%)
[Performance] AssetEvents.OnPostprocessAllAssets                                                                                                           :        4 samples, Peak.   330 us (1.7x), Avg.   193 us, Total. 773.8 us (0.0%)
[Performance] AudioMixerPostprocessor.OnPostprocessAllAssets                                                                                               :        2 samples, Peak.   303 us (1.0x), Avg.   302 us, Total. 604.6 us (0.0%)
[Performance] StyleCatalogPostProcessor.OnPostprocessAllAssets                                                                                             :        2 samples, Peak.  33.7 ms (1.0x), Avg.  33.7 ms, Total. 67.49 ms (0.2%)
[Performance] BuildCatalog                                                                                                                                 :        1 samples, Peak.  31.7 ms (1.0x), Avg.  31.7 ms, Total. 31.73 ms (0.1%)
[Performance] ModelImporterPostProcessor.OnPostprocessAllAssets                                                                                            :        2 samples, Peak.  1.86 ms (1.0x), Avg.  1.85 ms, Total. 3.701 ms (0.0%)
[Performance] MaterialPostprocessor.OnPostprocessAllAssets                                                                                                 :        4 samples, Peak.  1.45 ms (1.2x), Avg.  1.20 ms, Total. 4.792 ms (0.0%)
[Performance] RetainedModeAssetPostprocessor.OnPostprocessAllAssets                                                                                        :        2 samples, Peak.  1.86 ms (1.0x), Avg.  1.86 ms, Total. 3.723 ms (0.0%)
[Performance] AssetChangedListener.OnPostprocessAllAssets                                                                                                  :        2 samples, Peak.  1.30 ms (1.0x), Avg.  1.30 ms, Total. 2.599 ms (0.0%)
[Performance] PostProcessor.OnPostprocessAllAssets                                                                                                         :        2 samples, Peak.   358 us (1.0x), Avg.   354 us, Total. 708.6 us (0.0%)
[Performance] ShaderGraphAssetPostProcessor.OnPostprocessAllAssets                                                                                         :        2 samples, Peak.  3.36 ms (1.0x), Avg.  3.35 ms, Total. 6.706 ms (0.0%)
[Performance] SpeedTreePostProcessor.OnPostprocessAllAssets                                                                                                :        2 samples, Peak.   248 us (1.0x), Avg.   246 us, Total. 491.0 us (0.0%)
[Performance] TextAssetPostProcessor.OnPostprocessAllAssets                                                                                                :        2 samples, Peak.   405 us (1.0x), Avg.   403 us, Total. 805.2 us (0.0%)
[Performance] AssetCallbacks.OnPostprocessAllAssets                                                                                                        :        2 samples, Peak.   189 ms (1.0x), Avg.   189 ms, Total. 377.3 ms (1.4%)
[Performance] SyncVS.PostprocessSyncProject                                                                                                                :        1 samples, Peak.  5.75 ms (1.0x), Avg.  5.75 ms, Total. 5.751 ms (0.0%)
[Performance] Selection.selectionChanged: UnityEditor.PackageManager.UI.Internal.SelectionProxy.OnSelectionChanged                                         :        2 samples, Peak.   754 us (2.0x), Avg.   382 us, Total. 764.7 us (0.0%)
[Performance] Selection.selectionChanged: UnityEditorInternal.EditMode.OnSelectionChange                                                                   :        2 samples, Peak.   294 us (2.0x), Avg.   147 us, Total. 294.9 us (0.0%)
[Performance] Selection.selectionChanged: UnityEditor.ProBuilder.MeshSelection.OnObjectSelectionChanged                                                    :        2 samples, Peak.  7.40 us (1.2x), Avg.  6.30 us, Total. 12.60 us (0.0%)
[Performance] Application.ImportPackagesAndSetTemplateWhenCreatingProject                                                                                  :        1 samples, Peak.  15.5 ms (1.0x), Avg.  15.5 ms, Total. 15.53 ms (0.1%)
[Performance] Application.SyncCurrentColorSpace                                                                                                            :        1 samples, Peak.   250 ms (1.0x), Avg.   250 ms, Total. 249.8 ms (0.9%)
[Performance] Application.OnUsbDevicesChanged                                                                                                              :        1 samples, Peak.  2.31 ms (1.0x), Avg.  2.31 ms, Total. 2.306 ms (0.0%)
[Performance] Application.AssetInstanceCacheUpdate                                                                                                         :        1 samples, Peak.   500 ns (1.0x), Avg.   500 ns, Total. 500.0 ns (0.0%)
[Performance] Application.UnityExtensions.Initialize                                                                                                       :        1 samples, Peak.  14.5 ms (1.0x), Avg.  14.5 ms, Total. 14.51 ms (0.1%)
[Performance] CodeEditorProjectSync.SyncEditorProject                                                                                                      :        1 samples, Peak.   835 ms (1.0x), Avg.   835 ms, Total. 834.8 ms (3.0%)
[Performance] Application.ExecuteStartups                                                                                                                  :        1 samples, Peak.  68.0 ms (1.0x), Avg.  68.0 ms, Total. 68.05 ms (0.2%)
[Performance] Menu.RegisterMenuInterface                                                                                                                   :       26 samples, Peak.  4.90 us (8.8x), Avg.   554 ns, Total. 14.40 us (0.0%)
[Performance] Gizmo.RebuildRenderers                                                                                                                       :        1 samples, Peak.  64.5 ms (1.0x), Avg.  64.5 ms, Total. 64.50 ms (0.2%)
[Performance] Gizmo.AddGizmoRenderers                                                                                                                      :      155 samples, Peak.  1.49 ms (76.8x), Avg.  19.4 us, Total. 3.006 ms (0.0%)
[Performance] Application.editorInitializingProject                                                                                                        :        1 samples, Peak.  76.1 ms (1.0x), Avg.  76.1 ms, Total. 76.14 ms (0.3%)
[Performance] Application.InitializeMenu                                                                                                                   :        1 samples, Peak.  88.5 ms (1.0x), Avg.  88.5 ms, Total. 88.50 ms (0.3%)
[Performance] Menu.RebuildAll                                                                                                                              :        1 samples, Peak.  88.5 ms (1.0x), Avg.  88.5 ms, Total. 88.49 ms (0.3%)
[Performance] Menu.BuildRegisteredMenuInterfaces                                                                                                           :        1 samples, Peak.  83.1 ms (1.0x), Avg.  83.1 ms, Total. 83.14 ms (0.3%)
[Performance] Menu.FilterMenuItem                                                                                                                          :     1572 samples, Peak.  21.4 ms (1518.4x), Avg.  14.1 us, Total. 22.18 ms (0.1%)
[Performance] UpdateAllMenus                                                                                                                               :        1 samples, Peak.   931 us (1.0x), Avg.   931 us, Total. 930.6 us (0.0%)
[Performance] Menu.RebuildOSMainMenu                                                                                                                       :        2 samples, Peak.  6.54 ms (1.2x), Avg.  5.32 ms, Total. 10.64 ms (0.0%)
[Performance] EditorSceneManager.sceneClosing: UnityEditor.SceneVisibilityManager.EditorSceneManagerOnSceneClosing                                         :        2 samples, Peak.   244 us (1.9x), Avg.   125 us, Total. 250.6 us (0.0%)
[Performance] GUIView.RepaintAll.PlayerLoopController                                                                                                      :        1 samples, Peak.  9.80 us (1.0x), Avg.  9.80 us, Total. 9.800 us (0.0%)
[Performance] EditorSceneManager.newSceneCreated: UnityEditor.SceneTemplate.SceneTemplateService.OnNewSceneCreated                                         :        1 samples, Peak.   260 us (1.0x), Avg.   260 us, Total. 260.2 us (0.0%)
[Performance] EditorSceneManager.newSceneCreated: UnityEditor.SceneVisibilityManager.EditorSceneManagerOnNewSceneCreated                                   :        1 samples, Peak.   277 us (1.0x), Avg.   277 us, Total. 277.4 us (0.0%)
[Performance] EditorSceneManager.newSceneCreated: UnityEditor.SceneManagement.StageNavigationManager.OnNewSceneCreated                                     :        1 samples, Peak.  54.8 us (1.0x), Avg.  54.8 us, Total. 54.80 us (0.0%)
[Performance] Application.InvokeFinishedLoadingProject                                                                                                     :        1 samples, Peak.  17.6 ms (1.0x), Avg.  17.6 ms, Total. 17.62 ms (0.1%)
[Performance] ProcessService.OnProjectLoaded                                                                                                               :        1 samples, Peak.  56.9 us (1.0x), Avg.  56.9 us, Total. 56.90 us (0.0%)
[Performance] EditorSceneManager.sceneOpening: UnityEditor.SceneVisibilityManager.EditorSceneManagerOnSceneOpening                                         :        1 samples, Peak.   135 us (1.0x), Avg.   135 us, Total. 134.7 us (0.0%)
[Performance] Inspector.InitOrRebuild                                                                                                                      :        1 samples, Peak.   681 us (1.0x), Avg.   681 us, Total. 681.4 us (0.0%)
[Performance] EditorSceneManager.sceneOpened: callback in Oculus.Interaction.Editor.UnityObjectAddedBroadcaster                                            :        1 samples, Peak.  46.2 ms (1.0x), Avg.  46.2 ms, Total. 46.17 ms (0.2%)
[Performance] EditorSceneManager.sceneOpened: OVRProjectSetupUpdater.OnEditorSceneManagerSceneOpened                                                       :        1 samples, Peak.  4.51 ms (1.0x), Avg.  4.51 ms, Total. 4.509 ms (0.0%)
[Performance] EditorSceneManager.sceneOpened: UnityEditor.SceneTemplate.SceneTemplateService.OnSceneOpened                                                 :        1 samples, Peak.   119 us (1.0x), Avg.   119 us, Total. 118.8 us (0.0%)
[Performance] EditorSceneManager.sceneOpened: UnityEditor.SceneVisibilityManager.EditorSceneManagerOnSceneOpened                                           :        1 samples, Peak.   108 us (1.0x), Avg.   108 us, Total. 108.5 us (0.0%)
[Performance] EditorSceneManager.sceneOpened: UnityEditor.SceneManagement.StageNavigationManager.OnSceneOpened                                             :        1 samples, Peak.  48.9 us (1.0x), Avg.  48.9 us, Total. 48.90 us (0.0%)
[Performance] EditorApplication.quitting: Unity.Burst.Editor.BurstLoader.OnEditorApplicationQuitting                                                       :        1 samples, Peak.  45.9 us (1.0x), Avg.  45.9 us, Total. 45.90 us (0.0%)
[Performance] EditorApplication.quitting: UnityEditor.SettingsManagement.FileSettingsRepository.Save                                                       :        2 samples, Peak.  1.38 ms (1.2x), Avg.  1.18 ms, Total. 2.353 ms (0.0%)
[Performance] EditorApplication.quitting: OVRPlugin.OnEditorShutdown                                                                                       :        1 samples, Peak.  4.19 ms (1.0x), Avg.  4.19 ms, Total. 4.191 ms (0.0%)
[Performance] EditorApplication.quitting: UnityEditor.ProBuilder.ProBuilderSettings.Save                                                                   :        1 samples, Peak.   758 us (1.0x), Avg.   758 us, Total. 757.9 us (0.0%)
[Performance] EditorApplication.quitting: callback in UnityEditor.TextCore.Text.EditorEventCallbacks                                                       :        1 samples, Peak.  18.6 ms (1.0x), Avg.  18.6 ms, Total. 18.59 ms (0.1%)
[Performance] Application.Shutdown.PauseProfilerSession                                                                                                    :        1 samples, Peak.  38.8 us (1.0x), Avg.  38.8 us, Total. 38.80 us (0.0%)
[Performance] Application.Shutdown.PauseAssetImportWorkers                                                                                                 :        1 samples, Peak.   627 us (1.0x), Avg.   627 us, Total. 626.6 us (0.0%)
[Performance] Application.Shutdown.SaveAssets                                                                                                              :        1 samples, Peak.  18.7 ms (1.0x), Avg.  18.7 ms, Total. 18.71 ms (0.1%)
[Performance] StateMacroSavedEvent.OnWillSaveAssets                                                                                                        :        1 samples, Peak.   200 us (1.0x), Avg.   200 us, Total. 200.4 us (0.0%)
[Performance] FlowMacroSavedEvent.OnWillSaveAssets                                                                                                         :        1 samples, Peak.   144 us (1.0x), Avg.   144 us, Total. 144.2 us (0.0%)
[Performance] AssetModificationProcessor.OnWillSaveAssets                                                                                                  :        1 samples, Peak.   223 us (1.0x), Avg.   223 us, Total. 222.9 us (0.0%)
[Performance] BuilderAssetModificationProcessor.OnWillSaveAssets                                                                                           :        1 samples, Peak.   364 us (1.0x), Avg.   364 us, Total. 364.2 us (0.0%)
[Performance] TerrainModificationProcessor.OnWillSaveAssets                                                                                                :        1 samples, Peak.   535 us (1.0x), Avg.   535 us, Total. 534.7 us (0.0%)
[Performance] Application.Shutdown.CleanupRenderPipeline                                                                                                   :        1 samples, Peak.  14.9 us (1.0x), Avg.  14.9 us, Total. 14.90 us (0.0%)
[Performance] Application.Shutdown.StopPreloadManager                                                                                                      :        1 samples, Peak.  9.93 ms (1.0x), Avg.  9.93 ms, Total. 9.929 ms (0.0%)
[Performance] Application.Shutdown.DestroyWorld                                                                                                            :        1 samples, Peak.   217 ms (1.0x), Avg.   217 ms, Total. 217.3 ms (0.8%)
[Performance] Application.Shutdown.CleanupAfterLoad                                                                                                        :        1 samples, Peak.   213 ms (1.0x), Avg.   213 ms, Total. 212.9 ms (0.8%)
[Performance] Application.Shutdown.Progress                                                                                                                :        1 samples, Peak.  9.50 us (1.0x), Avg.  9.50 us, Total. 9.500 us (0.0%)
[Performance] Application.Shutdown.GICleanupManagers                                                                                                       :        1 samples, Peak.   745 us (1.0x), Avg.   745 us, Total. 745.1 us (0.0%)
[Performance] Application.Shutdown.MenuCleanupClass                                                                                                        :        1 samples, Peak.   553 us (1.0x), Avg.   553 us, Total. 552.9 us (0.0%)
[Performance] Application.Shutdown.ADBSaveStateBeforeShutdown                                                                                              :        1 samples, Peak.  16.0 us (1.0x), Avg.  16.0 us, Total. 16.00 us (0.0%)
[Performance] Application.Shutdown.RemoteShutdown                                                                                                          :        1 samples, Peak.  1.60 us (1.0x), Avg.  1.60 us, Total. 1.600 us (0.0%)
[Performance] Application.Shutdown.CleanupVCProvider                                                                                                       :        1 samples, Peak.  21.2 us (1.0x), Avg.  21.2 us, Total. 21.20 us (0.0%)
[Performance] Application.Shutdown.InputShutdown                                                                                                           :        1 samples, Peak.   600 ns (1.0x), Avg.   600 ns, Total. 600.0 ns (0.0%)
[Performance] Application.Shutdown.GizmoManagerDestroy                                                                                                     :        1 samples, Peak.  1.06 ms (1.0x), Avg.  1.06 ms, Total. 1.059 ms (0.0%)
[Performance] Application.Shutdown.ProfilerSession                                                                                                         :        1 samples, Peak.   224 us (1.0x), Avg.   224 us, Total. 224.0 us (0.0%)
[Performance] Application.Shutdown.ReleaseGfxWindowOnAllGUIViews                                                                                           :        1 samples, Peak.  3.60 us (1.0x), Avg.  3.60 us, Total. 3.600 us (0.0%)
[Performance] Application.Shutdown.CleanupEngine                                                                                                           :        1 samples, Peak.  7.10 s (1.0x), Avg.  7.10 s, Total. 7.096 s (25.4%)
[Performance] Application.Shutdown.CleanupAssetDatabase                                                                                                    :        1 samples, Peak.  31.2 ms (1.0x), Avg.  31.2 ms, Total. 31.17 ms (0.1%)
[Performance] Application.Shutdown.ScriptCompilationCleanUp                                                                                                :        1 samples, Peak.  14.8 ms (1.0x), Avg.  14.8 ms, Total. 14.84 ms (0.1%)
[Performance] Application.Shutdown.DestroyJobSystem                                                                                                        :        1 samples, Peak.  63.6 us (1.0x), Avg.  63.6 us, Total. 63.60 us (0.0%)
[Performance] Application.Shutdown.CleanupPersistentManager                                                                                                :        1 samples, Peak.  11.4 ms (1.0x), Avg.  11.4 ms, Total. 11.40 ms (0.0%)
[Performance] Application.Shutdown.CleanupAsyncReadManager                                                                                                 :        1 samples, Peak.  2.63 ms (1.0x), Avg.  2.63 ms, Total. 2.633 ms (0.0%)
[Performance] Application.Shutdown.CleanupProgressBar                                                                                                      :        1 samples, Peak.   400 ns (1.0x), Avg.   400 ns, Total. 400.0 ns (0.0%)
[Performance] Application.Shutdown.CleanupMono                                                                                                             :        1 samples, Peak.   172 ms (1.0x), Avg.   172 ms, Total. 172.0 ms (0.6%)
[Performance] Application.Shutdown.CleanupStdConverters                                                                                                    :        1 samples, Peak.  12.3 us (1.0x), Avg.  12.3 us, Total. 12.30 us (0.0%)
[Performance] Application.Shutdown.UnloadAllPlatformSupportModuleNativeDlls                                                                                :        1 samples, Peak.   600 ns (1.0x), Avg.   600 ns, Total. 600.0 ns (0.0%)
[Performance] Application.Shutdown.UnloadAllPlatformSupportNativeLibraries                                                                                 :        1 samples, Peak.   100 ns (1.0x), Avg.   100 ns, Total. 100.0 ns (0.0%)
[Performance] Application.Shutdown.CleanupAutoDocumentation                                                                                                :        1 samples, Peak.   436 us (1.0x), Avg.   436 us, Total. 436.3 us (0.0%)
[Performance] Application.Shutdown.ShaderNameManagerDestroy                                                                                                :        1 samples, Peak.  50.2 us (1.0x), Avg.  50.2 us, Total. 50.20 us (0.0%)
[Performance] Application.Shutdown.CleanupCacheServer                                                                                                      :        1 samples, Peak.   300 ns (1.0x), Avg.   300 ns, Total. 300.0 ns (0.0%)
[Performance] Application.Shutdown.Virtualization_Shutdown                                                                                                 :        1 samples, Peak.   600 ns (1.0x), Avg.   600 ns, Total. 600.0 ns (0.0%)
[Performance] Application.Shutdown.DevConnections                                                                                                          :        1 samples, Peak.   124 us (1.0x), Avg.   124 us, Total. 124.4 us (0.0%)
Exiting batchmode successfully now!
Exiting without the bug reporter. Application will terminate with return code 0