[Licensing::Module] Trying to connect to existing licensing client channel...
[Licensing::IpcConnector] Connection attempt to the License Client on channel: "LicenseClient-nguoiktay" failed because channel doesn't exist; code: "0x80000002"
[Licensing::Module] Successfully launched the LicensingClient (PId: 24176)
[Licensing::IpcConnector] Successfully connected to the License Client on channel: "LicenseClient-nguoiktay"
[Licensing::Client] Handshaking with LicensingClient:
  Version:                 1.12.1+9338cad
  Session Id:              f1effee1090d41d6935e5c4852a6e8b8
  Correlation Id:          0c5e0f87be9dfd0be7c88fad7cc93bcc
  External correlation Id: 3910179243008754939
  Machine Id:              83sQP1oGRp38ZSo7TIrSHxoORa0=
[Licensing::Module] Successfully connected to LicensingClient on channel: "LicenseClient-nguoiktay" (connect: 0.59s, validation: 0.05s, handshake: 1.08s)
[Licensing::IpcConnector] Successfully connected to the License Notification on channel: "LicenseClient-nguoiktay-notifications"
[Licensing::Module] Connected to LicensingClient (PId: 24176, launch time: 0.00, total connection time: 1.72s)
[Licensing::Module] Error: Access token is unavailable; failed to update
[Licensing::Client] Error: Code 500 while processing request (status: Unable to update licenses. Errors: No ULF license found.,Token not found in cache)
[Licensing::Client] Error: Code 500 while updating license in client (status: Unable to update licenses. Errors: No ULF license found.,Token not found in cache)
Built from '2022.3/release' branch; Version is '2022.3.5f1 (9674261d40ee) revision 9860134'; Using compiler version '192829333'; Build Type 'Release'
OS: 'Windows 11  (10.0.26200) 64bit CoreSingleLanguage' Language: 'en' Physical Memory: 16147 MB
[Licensing::Client] Successfully resolved entitlements
[Licensing::Module] Serial number assigned to: "18968385848521-UnityPersXXXX"
BatchMode: 1, IsHumanControllingUs: 0, StartBugReporterOnCrash: 0, Is64bit: 1, IsPro: 0

COMMAND LINE ARGUMENTS:
C:\Program Files\Unity\Hub\Editor\2022.3.5f1\Editor\Unity.exe
-batchmode
-quit
-projectPath
d:\HoanKiemAirVR-Unity-main\HoanKiemAirVR-Unity-main
-executeMethod
HoanKiemAirVR.Editor.VNPTSetup.BuildPrefabAndPlaceInScene
-logFile
unity_setup.log
Successfully changed project path to: d:\HoanKiemAirVR-Unity-main\HoanKiemAirVR-Unity-main
D:/HoanKiemAirVR-Unity-main/HoanKiemAirVR-Unity-main
[UnityMemory] Configuration Parameters - Can be set up in boot.config
    "memorysetup-bucket-allocator-granularity=16"
    "memorysetup-bucket-allocator-bucket-count=8"
    "memorysetup-bucket-allocator-block-size=33554432"
    "memorysetup-bucket-allocator-block-count=8"
    "memorysetup-main-allocator-block-size=16777216"
    "memorysetup-thread-allocator-block-size=16777216"
    "memorysetup-gfx-main-allocator-block-size=16777216"
    "memorysetup-gfx-thread-allocator-block-size=16777216"
    "memorysetup-cache-allocator-block-size=4194304"
    "memorysetup-typetree-allocator-block-size=2097152"
    "memorysetup-profiler-bucket-allocator-granularity=16"
    "memorysetup-profiler-bucket-allocator-bucket-count=8"
    "memorysetup-profiler-bucket-allocator-block-size=33554432"
    "memorysetup-profiler-bucket-allocator-block-count=8"
    "memorysetup-profiler-allocator-block-size=16777216"
    "memorysetup-profiler-editor-allocator-block-size=1048576"
    "memorysetup-temp-allocator-size-main=16777216"
    "memorysetup-job-temp-allocator-block-size=2097152"
    "memorysetup-job-temp-allocator-block-size-background=1048576"
    "memorysetup-job-temp-allocator-reduction-small-platforms=262144"
    "memorysetup-allocator-temp-initial-block-size-main=262144"
    "memorysetup-allocator-temp-initial-block-size-worker=262144"
    "memorysetup-temp-allocator-size-background-worker=32768"
    "memorysetup-temp-allocator-size-job-worker=262144"
    "memorysetup-temp-allocator-size-preload-manager=33554432"
    "memorysetup-temp-allocator-size-nav-mesh-worker=65536"
    "memorysetup-temp-allocator-size-audio-worker=65536"
    "memorysetup-temp-allocator-size-cloud-worker=32768"
    "memorysetup-temp-allocator-size-gi-baking-worker=262144"
    "memorysetup-temp-allocator-size-gfx=262144"
Player connection [14764] Host "[IP] 192.168.92.1 [Port] 55496 [Flags] 2 [Guid] 4171608302 [EditorId] 4171608302 [Version] 1048832 [Id] WindowsEditor(7,171A84E3AF2FD73) [Debug] 1 [PackageName] WindowsEditor [ProjectName] Editor" joined multi-casting on [225.0.0.222:54997]...

Player connection [14764] Host "[IP] 192.168.92.1 [Port] 55496 [Flags] 2 [Guid] 4171608302 [EditorId] 4171608302 [Version] 1048832 [Id] WindowsEditor(7,171A84E3AF2FD73) [Debug] 1 [PackageName] WindowsEditor [ProjectName] Editor" joined alternative multi-casting on [225.0.0.222:34997]...

[Package Manager] UpmClient::Connect -- Connected to IPC stream "Upm-33780" after 0.4 seconds.
[Licensing::Client] Successfully resolved entitlements
[Package Manager] Restoring resolved packages state from cache
[Licensing::Client] Successfully resolved entitlement details
[Package Manager] Registered 61 packages:
  Packages from [https://packages.unity.com]:
    com.unity.collab-proxy@2.0.5 (location: D:\HoanKiemAirVR-Unity-main\HoanKiemAirVR-Unity-main\Library\PackageCache\com.unity.collab-proxy@2.0.5)
    com.unity.nuget.newtonsoft-json@3.0.1 (location: D:\HoanKiemAirVR-Unity-main\HoanKiemAirVR-Unity-main\Library\PackageCache\com.unity.nuget.newtonsoft-json@3.0.1)
    com.unity.probuilder@5.1.1 (location: D:\HoanKiemAirVR-Unity-main\HoanKiemAirVR-Unity-main\Library\PackageCache\com.unity.probuilder@5.1.1)
    com.unity.textmeshpro@3.0.6 (location: D:\HoanKiemAirVR-Unity-main\HoanKiemAirVR-Unity-main\Library\PackageCache\com.unity.textmeshpro@3.0.6)
    com.unity.timeline@1.7.5 (location: D:\HoanKiemAirVR-Unity-main\HoanKiemAirVR-Unity-main\Library\PackageCache\com.unity.timeline@1.7.5)
    com.unity.visualscripting@1.8.0 (location: D:\HoanKiemAirVR-Unity-main\HoanKiemAirVR-Unity-main\Library\PackageCache\com.unity.visualscripting@1.8.0)
    com.unity.xr.interaction.toolkit@2.4.3 (location: D:\HoanKiemAirVR-Unity-main\HoanKiemAirVR-Unity-main\Library\PackageCache\com.unity.xr.interaction.toolkit@2.4.3)
    com.unity.xr.oculus@4.0.0 (location: D:\HoanKiemAirVR-Unity-main\HoanKiemAirVR-Unity-main\Library\PackageCache\com.unity.xr.oculus@4.0.0)
    com.unity.xr.management@4.3.3 (location: D:\HoanKiemAirVR-Unity-main\HoanKiemAirVR-Unity-main\Library\PackageCache\com.unity.xr.management@4.3.3)
    com.unity.inputsystem@1.6.1 (location: D:\HoanKiemAirVR-Unity-main\HoanKiemAirVR-Unity-main\Library\PackageCache\com.unity.inputsystem@1.6.1)
    com.unity.mathematics@1.2.6 (location: D:\HoanKiemAirVR-Unity-main\HoanKiemAirVR-Unity-main\Library\PackageCache\com.unity.mathematics@1.2.6)
    com.unity.xr.core-utils@2.2.1 (location: D:\HoanKiemAirVR-Unity-main\HoanKiemAirVR-Unity-main\Library\PackageCache\com.unity.xr.core-utils@2.2.1)
    com.unity.xr.legacyinputhelpers@2.1.10 (location: D:\HoanKiemAirVR-Unity-main\HoanKiemAirVR-Unity-main\Library\PackageCache\com.unity.xr.legacyinputhelpers@2.1.10)
    com.unity.burst@1.8.7 (location: D:\HoanKiemAirVR-Unity-main\HoanKiemAirVR-Unity-main\Library\PackageCache\com.unity.burst@1.8.7)
    com.unity.settings-manager@2.0.1 (location: D:\HoanKiemAirVR-Unity-main\HoanKiemAirVR-Unity-main\Library\PackageCache\com.unity.settings-manager@2.0.1)
    com.unity.ide.visualstudio@2.0.18 (location: D:\HoanKiemAirVR-Unity-main\HoanKiemAirVR-Unity-main\Library\PackageCache\com.unity.ide.visualstudio@2.0.18)
    com.unity.ide.rider@3.0.24 (location: D:\HoanKiemAirVR-Unity-main\HoanKiemAirVR-Unity-main\Library\PackageCache\com.unity.ide.rider@3.0.24)
    com.unity.ide.vscode@1.2.5 (location: D:\HoanKiemAirVR-Unity-main\HoanKiemAirVR-Unity-main\Library\PackageCache\com.unity.ide.vscode@1.2.5)
    com.unity.editorcoroutines@1.0.0 (location: D:\HoanKiemAirVR-Unity-main\HoanKiemAirVR-Unity-main\Library\PackageCache\com.unity.editorcoroutines@1.0.0)
    com.unity.performance.profile-analyzer@1.2.2 (location: D:\HoanKiemAirVR-Unity-main\HoanKiemAirVR-Unity-main\Library\PackageCache\com.unity.performance.profile-analyzer@1.2.2)
    com.unity.test-framework@1.1.33 (location: D:\HoanKiemAirVR-Unity-main\HoanKiemAirVR-Unity-main\Library\PackageCache\com.unity.test-framework@1.1.33)
    com.unity.testtools.codecoverage@1.2.4 (location: D:\HoanKiemAirVR-Unity-main\HoanKiemAirVR-Unity-main\Library\PackageCache\com.unity.testtools.codecoverage@1.2.4)
    com.unity.searcher@4.9.2 (location: D:\HoanKiemAirVR-Unity-main\HoanKiemAirVR-Unity-main\Library\PackageCache\com.unity.searcher@4.9.2)
    com.unity.ext.nunit@1.0.6 (location: D:\HoanKiemAirVR-Unity-main\HoanKiemAirVR-Unity-main\Library\PackageCache\com.unity.ext.nunit@1.0.6)
  Built-in packages:
    com.unity.feature.development@1.0.1 (location: D:\HoanKiemAirVR-Unity-main\HoanKiemAirVR-Unity-main\Library\PackageCache\com.unity.feature.development@1.0.1)
    com.unity.render-pipelines.universal@14.0.8 (location: D:\HoanKiemAirVR-Unity-main\HoanKiemAirVR-Unity-main\Library\PackageCache\com.unity.render-pipelines.universal@14.0.8)
    com.unity.ugui@1.0.0 (location: D:\HoanKiemAirVR-Unity-main\HoanKiemAirVR-Unity-main\Library\PackageCache\com.unity.ugui@1.0.0)
    com.unity.modules.ai@1.0.0 (location: D:\HoanKiemAirVR-Unity-main\HoanKiemAirVR-Unity-main\Library\PackageCache\com.unity.modules.ai@1.0.0)
    com.unity.modules.androidjni@1.0.0 (location: D:\HoanKiemAirVR-Unity-main\HoanKiemAirVR-Unity-main\Library\PackageCache\com.unity.modules.androidjni@1.0.0)
    com.unity.modules.animation@1.0.0 (location: D:\HoanKiemAirVR-Unity-main\HoanKiemAirVR-Unity-main\Library\PackageCache\com.unity.modules.animation@1.0.0)
    com.unity.modules.assetbundle@1.0.0 (location: D:\HoanKiemAirVR-Unity-main\HoanKiemAirVR-Unity-main\Library\PackageCache\com.unity.modules.assetbundle@1.0.0)
    com.unity.modules.audio@1.0.0 (location: D:\HoanKiemAirVR-Unity-main\HoanKiemAirVR-Unity-main\Library\PackageCache\com.unity.modules.audio@1.0.0)
    com.unity.modules.cloth@1.0.0 (location: D:\HoanKiemAirVR-Unity-main\HoanKiemAirVR-Unity-main\Library\PackageCache\com.unity.modules.cloth@1.0.0)
    com.unity.modules.director@1.0.0 (location: D:\HoanKiemAirVR-Unity-main\HoanKiemAirVR-Unity-main\Library\PackageCache\com.unity.modules.director@1.0.0)
    com.unity.modules.imageconversion@1.0.0 (location: D:\HoanKiemAirVR-Unity-main\HoanKiemAirVR-Unity-main\Library\PackageCache\com.unity.modules.imageconversion@1.0.0)
    com.unity.modules.imgui@1.0.0 (location: D:\HoanKiemAirVR-Unity-main\HoanKiemAirVR-Unity-main\Library\PackageCache\com.unity.modules.imgui@1.0.0)
    com.unity.modules.jsonserialize@1.0.0 (location: D:\HoanKiemAirVR-Unity-main\HoanKiemAirVR-Unity-main\Library\PackageCache\com.unity.modules.jsonserialize@1.0.0)
    com.unity.modules.particlesystem@1.0.0 (location: D:\HoanKiemAirVR-Unity-main\HoanKiemAirVR-Unity-main\Library\PackageCache\com.unity.modules.particlesystem@1.0.0)
    com.unity.modules.physics@1.0.0 (location: D:\HoanKiemAirVR-Unity-main\HoanKiemAirVR-Unity-main\Library\PackageCache\com.unity.modules.physics@1.0.0)
    com.unity.modules.physics2d@1.0.0 (location: D:\HoanKiemAirVR-Unity-main\HoanKiemAirVR-Unity-main\Library\PackageCache\com.unity.modules.physics2d@1.0.0)
    com.unity.modules.screencapture@1.0.0 (location: D:\HoanKiemAirVR-Unity-main\HoanKiemAirVR-Unity-main\Library\PackageCache\com.unity.modules.screencapture@1.0.0)
    com.unity.modules.terrain@1.0.0 (location: D:\HoanKiemAirVR-Unity-main\HoanKiemAirVR-Unity-main\Library\PackageCache\com.unity.modules.terrain@1.0.0)
    com.unity.modules.terrainphysics@1.0.0 (location: D:\HoanKiemAirVR-Unity-main\HoanKiemAirVR-Unity-main\Library\PackageCache\com.unity.modules.terrainphysics@1.0.0)
    com.unity.modules.tilemap@1.0.0 (location: D:\HoanKiemAirVR-Unity-main\HoanKiemAirVR-Unity-main\Library\PackageCache\com.unity.modules.tilemap@1.0.0)
    com.unity.modules.ui@1.0.0 (location: D:\HoanKiemAirVR-Unity-main\HoanKiemAirVR-Unity-main\Library\PackageCache\com.unity.modules.ui@1.0.0)
    com.unity.modules.uielements@1.0.0 (location: D:\HoanKiemAirVR-Unity-main\HoanKiemAirVR-Unity-main\Library\PackageCache\com.unity.modules.uielements@1.0.0)
    com.unity.modules.umbra@1.0.0 (location: D:\HoanKiemAirVR-Unity-main\HoanKiemAirVR-Unity-main\Library\PackageCache\com.unity.modules.umbra@1.0.0)
    com.unity.modules.unityanalytics@1.0.0 (location: D:\HoanKiemAirVR-Unity-main\HoanKiemAirVR-Unity-main\Library\PackageCache\com.unity.modules.unityanalytics@1.0.0)
    com.unity.modules.unitywebrequest@1.0.0 (location: D:\HoanKiemAirVR-Unity-main\HoanKiemAirVR-Unity-main\Library\PackageCache\com.unity.modules.unitywebrequest@1.0.0)
    com.unity.modules.unitywebrequestassetbundle@1.0.0 (location: D:\HoanKiemAirVR-Unity-main\HoanKiemAirVR-Unity-main\Library\PackageCache\com.unity.modules.unitywebrequestassetbundle@1.0.0)
    com.unity.modules.unitywebrequestaudio@1.0.0 (location: D:\HoanKiemAirVR-Unity-main\HoanKiemAirVR-Unity-main\Library\PackageCache\com.unity.modules.unitywebrequestaudio@1.0.0)
    com.unity.modules.unitywebrequesttexture@1.0.0 (location: D:\HoanKiemAirVR-Unity-main\HoanKiemAirVR-Unity-main\Library\PackageCache\com.unity.modules.unitywebrequesttexture@1.0.0)
    com.unity.modules.unitywebrequestwww@1.0.0 (location: D:\HoanKiemAirVR-Unity-main\HoanKiemAirVR-Unity-main\Library\PackageCache\com.unity.modules.unitywebrequestwww@1.0.0)
    com.unity.modules.vehicles@1.0.0 (location: D:\HoanKiemAirVR-Unity-main\HoanKiemAirVR-Unity-main\Library\PackageCache\com.unity.modules.vehicles@1.0.0)
    com.unity.modules.video@1.0.0 (location: D:\HoanKiemAirVR-Unity-main\HoanKiemAirVR-Unity-main\Library\PackageCache\com.unity.modules.video@1.0.0)
    com.unity.modules.vr@1.0.0 (location: D:\HoanKiemAirVR-Unity-main\HoanKiemAirVR-Unity-main\Library\PackageCache\com.unity.modules.vr@1.0.0)
    com.unity.modules.wind@1.0.0 (location: D:\HoanKiemAirVR-Unity-main\HoanKiemAirVR-Unity-main\Library\PackageCache\com.unity.modules.wind@1.0.0)
    com.unity.modules.xr@1.0.0 (location: D:\HoanKiemAirVR-Unity-main\HoanKiemAirVR-Unity-main\Library\PackageCache\com.unity.modules.xr@1.0.0)
    com.unity.modules.subsystems@1.0.0 (location: D:\HoanKiemAirVR-Unity-main\HoanKiemAirVR-Unity-main\Library\PackageCache\com.unity.modules.subsystems@1.0.0)
    com.unity.render-pipelines.core@14.0.8 (location: D:\HoanKiemAirVR-Unity-main\HoanKiemAirVR-Unity-main\Library\PackageCache\com.unity.render-pipelines.core@14.0.8)
    com.unity.shadergraph@14.0.8 (location: D:\HoanKiemAirVR-Unity-main\HoanKiemAirVR-Unity-main\Library\PackageCache\com.unity.shadergraph@14.0.8)
[Subsystems] Looking for new subsystems at path D:\HoanKiemAirVR-Unity-main\HoanKiemAirVR-Unity-main\Library\PackageCache\com.unity.xr.oculus@4.0.0
[Subsystems] Novel subsystem found at Library/PackageCache/com.unity.xr.oculus@4.0.0/Runtime/UnitySubsystemsManifest.json
[Subsystems] Discovering subsystems at path C:/Program Files/Unity/Hub/Editor/2022.3.5f1/Editor/Data/Resources/UnitySubsystems
[Subsystems] Discovering subsystems at path D:/HoanKiemAirVR-Unity-main/HoanKiemAirVR-Unity-main/Assets
[Subsystems] Discovering subsystems at path D:\HoanKiemAirVR-Unity-main\HoanKiemAirVR-Unity-main\Library\PackageCache\com.unity.xr.oculus@4.0.0
[Subsystems] No descriptors matched for  examples in Library/PackageCache/com.unity.xr.oculus@4.0.0/Runtime/UnitySubsystemsManifest.json.
[Subsystems] 1 'inputs' descriptors matched in Library/PackageCache/com.unity.xr.oculus@4.0.0/Runtime/UnitySubsystemsManifest.json
[Subsystems] 1 'displays' descriptors matched in Library/PackageCache/com.unity.xr.oculus@4.0.0/Runtime/UnitySubsystemsManifest.json
[Subsystems] No descriptors matched for  meshings in Library/PackageCache/com.unity.xr.oculus@4.0.0/Runtime/UnitySubsystemsManifest.json.
Package Manager log level set to [2]
[Package Manager] Done registering packages in 0.09 seconds
Refreshing native plugins compatible for Editor in 12.53 ms, found 9 plugins.
Preloading 2 native plugins for Editor in 3.26 ms.
Initialize engine version: 2022.3.5f1 (9674261d40ee)
[Subsystems] Discovering subsystems at path C:/Program Files/Unity/Hub/Editor/2022.3.5f1/Editor/Data/Resources/UnitySubsystems
[Subsystems] Discovering subsystems at path D:/HoanKiemAirVR-Unity-main/HoanKiemAirVR-Unity-main/Assets
[Subsystems] Discovering subsystems at path D:\HoanKiemAirVR-Unity-main\HoanKiemAirVR-Unity-main\Library\PackageCache\com.unity.xr.oculus@4.0.0
[Subsystems] No descriptors matched for  examples in Library/PackageCache/com.unity.xr.oculus@4.0.0/Runtime/UnitySubsystemsManifest.json.
[Subsystems] 1 'inputs' descriptors matched in Library/PackageCache/com.unity.xr.oculus@4.0.0/Runtime/UnitySubsystemsManifest.json
[Subsystems] 1 'displays' descriptors matched in Library/PackageCache/com.unity.xr.oculus@4.0.0/Runtime/UnitySubsystemsManifest.json
[Subsystems] No descriptors matched for  meshings in Library/PackageCache/com.unity.xr.oculus@4.0.0/Runtime/UnitySubsystemsManifest.json.
GfxDevice: creating device client; threaded=0; jobified=0
Direct3D:
    Version:  Direct3D 11.0 [level 11.1]
    Renderer: NVIDIA GeForce RTX 3050 Laptop GPU (ID=0x25a2)
    Vendor:   NVIDIA
    VRAM:     3962 MB
    Driver:   32.0.16.1062
Shader 'Oculus/OVRMRCameraFrameLit': fallback shader 'Alpha-Diffuse' not found
[Licensing::Client] Successfully resolved entitlements
Initialize mono
Mono path[0] = 'C:/Program Files/Unity/Hub/Editor/2022.3.5f1/Editor/Data/Managed'
Mono path[1] = 'C:/Program Files/Unity/Hub/Editor/2022.3.5f1/Editor/Data/MonoBleedingEdge/lib/mono/unityjit-win32'
Mono config path = 'C:/Program Files/Unity/Hub/Editor/2022.3.5f1/Editor/Data/MonoBleedingEdge/etc'
Using monoOptions --debugger-agent=transport=dt_socket,embedding=1,server=y,suspend=n,address=127.0.0.1:56780
Using cacheserver namespaces - metadata:defaultmetadata, artifacts:defaultartifacts
Using cacheserver namespaces - metadata:defaultmetadata, artifacts:defaultartifacts
ImportWorker Server TCP listen port: 0
Begin MonoManager ReloadAssembly
Registering precompiled unity dll's ...
Register platform support module: C:/Program Files/Unity/Hub/Editor/2022.3.5f1/Editor/Data/PlaybackEngines/WindowsStandaloneSupport/UnityEditor.WindowsStandalone.Extensions.dll
Registered in 0.004566 seconds.
- Loaded All Assemblies, in  0.273 seconds
Native extension for WindowsStandalone target not found
Mono: successfully reloaded assembly
- Finished resetting the current domain, in  0.259 seconds
Domain Reload Profiling: 532ms
	BeginReloadAssembly (72ms)
		ExecutionOrderSort (0ms)
		DisableScriptedObjects (0ms)
		BackupInstance (0ms)
		ReleaseScriptingObjects (0ms)
		CreateAndSetChildDomain (1ms)
	RebuildCommonClasses (28ms)
	RebuildNativeTypeToScriptingClass (9ms)
	initialDomainReloadingComplete (51ms)
	LoadAllAssembliesAndSetupDomain (113ms)
		LoadAssemblies (70ms)
		RebuildTransferFunctionScriptingTraits (0ms)
		AnalyzeDomain (108ms)
			TypeCache.Refresh (107ms)
				TypeCache.ScanAssembly (97ms)
			ScanForSourceGeneratedMonoScriptInfo (0ms)
			ResolveRequiredComponents (0ms)
	FinalizeReload (260ms)
		ReleaseScriptCaches (0ms)
		RebuildScriptCaches (0ms)
		SetupLoadedEditorAssemblies (208ms)
			LogAssemblyErrors (0ms)
			InitializePlatformSupportModulesInManaged (8ms)
			SetLoadedEditorAssemblies (7ms)
			RefreshPlugins (0ms)
			BeforeProcessingInitializeOnLoad (2ms)
			ProcessInitializeOnLoadAttributes (151ms)
			ProcessInitializeOnLoadMethodAttributes (41ms)
			AfterProcessingInitializeOnLoad (0ms)
			EditorAssembliesLoaded (0ms)
		ExecutionOrderSort2 (0ms)
		AwakeInstancesAfterBackupRestoration (0ms)
[Licensing::Client] Successfully resolved entitlements
Application.AssetDatabase Initial Refresh Start
[ScriptCompilation] Requested script compilation because: Assetdatabase observed changes in script compilation related files
Starting: C:\Program Files\Unity\Hub\Editor\2022.3.5f1\Editor\Data\bee_backend.exe --dont-print-to-structured-log --ipc --defer-dag-verification --dagfile="Library/Bee/1900b0aE.dag" --continue-on-failure --profile="Library/Bee/backend1.traceevents" ScriptAssemblies
WorkingDir: D:/HoanKiemAirVR-Unity-main/HoanKiemAirVR-Unity-main
DisplayProgressbar: Compiling Scripts
ExitCode: 4 Duration: 0s242ms
Rebuilding DAG because FileSignature timestamp changed: Library/Bee/1900b0aE-inputdata.json
[1018/1364  0s] ILPP-Configuration Library/ilpp-configuration.nevergeneratedoutput
*** Tundra requires additional run (0.21 seconds), 1 items updated, 1017 evaluated
Starting: C:\Program Files\Unity\Hub\Editor\2022.3.5f1\Editor\Data\Tools\netcorerun\netcorerun.exe "C:\Program Files\Unity\Hub\Editor\2022.3.5f1\Editor\Data\Tools\BuildPipeline\ScriptCompilationBuildProgram.exe" "Library/Bee/1900b0aE.dag.json" "Library/Bee/1900b0aE-inputdata.json" "Library\Bee\buildprogram0.traceevents"
WorkingDir: D:/HoanKiemAirVR-Unity-main/HoanKiemAirVR-Unity-main
ExitCode: 0 Duration: 0s921ms
Starting: C:\Program Files\Unity\Hub\Editor\2022.3.5f1\Editor\Data\bee_backend.exe --dont-print-to-structured-log --ipc --defer-dag-verification --dagfile="Library/Bee/1900b0aE.dag" --continue-on-failure --dagfilejson="Library\Bee\1900b0aE.dag.json" --profile="Library/Bee/backend2.traceevents" ScriptAssemblies
WorkingDir: D:/HoanKiemAirVR-Unity-main/HoanKiemAirVR-Unity-main
ExitCode: 0 Duration: 1s960ms
Finished compiling graph: 1368 nodes, 21499 flattened edges (16833 ToBuild, 242 ToUse), maximum node priority 1411
[ 699/1364  0s] WriteText Library/Bee/artifacts/1900b0aE.dag/Assembly-CSharp-Editor.rsp
[1017/1364  0s] ILPP-Configuration Library/ilpp-configuration.nevergeneratedoutput
[1360/1364  1s] Csc Library/Bee/artifacts/1900b0aE.dag/Assembly-CSharp-Editor.dll (+2 others)
Assets\Editor\WaypointPathPainter.cs(26,30): warning CS0414: The field 'WaypointPathPainter.pointSpacingMin' is assigned but its value is never used

Assets\Editor\WaypointPathPainter.cs(27,29): warning CS0414: The field 'WaypointPathPainter.autoSnapGround' is assigned but its value is never used
[1361/1364  0s] ILPostProcess Library/Bee/artifacts/1900b0aE.dag/post-processed/Assembly-CSharp-Editor.dll (+pdb)
Processing assembly Library/Bee/artifacts/1900b0aE.dag/Assembly-CSharp-Editor.dll, with 121 defines and 333 references

processors: zzzUnity.Burst.CodeGen.BurstILPostProcessor

running zzzUnity.Burst.CodeGen.BurstILPostProcessor
[1362/1364  0s] CopyFiles Library/ScriptAssemblies/Assembly-CSharp-Editor.pdb
[1363/1364  0s] CopyFiles Library/ScriptAssemblies/Assembly-CSharp-Editor.dll
*** Tundra build success (1.94 seconds), 6 items updated, 1364 evaluated
Assets\Editor\WaypointPathPainter.cs(26,30): warning CS0414: The field 'WaypointPathPainter.pointSpacingMin' is assigned but its value is never used
Assets\Editor\WaypointPathPainter.cs(27,29): warning CS0414: The field 'WaypointPathPainter.autoSnapGround' is assigned but its value is never used
AssetDatabase: script compilation time: 3.646401s
Begin MonoManager ReloadAssembly
- Loaded All Assemblies, in  1.033 seconds
Refreshing native plugins compatible for Editor in 7.18 ms, found 9 plugins.
Preloading 2 native plugins for Editor in 0.10 ms.
Start importing Assets/VNPT using Guid(32b422db8824a154283d76a48aaa3bef) Importer(-1,00000000000000000000000000000000)  -> (artifact id: '564f8d2d7e7c0d05d853e31d38de3a92') in 0.030138 seconds
Start importing Assets/Editor/VNPTSetup.cs using Guid(9b4cf163af307d240b9390d9e1781bf7) Importer(-1,00000000000000000000000000000000)  -> (artifact id: 'd92c073f6e2b592ac8603399f1169f3f') in 0.010613 seconds
Refreshing native plugins compatible for Editor in 7.76 ms, found 9 plugins.
Native extension for WindowsStandalone target not found
[XR] OculusXRPlugin: registering subsystems
[Subsystems] OculusXRPlugin successfully registered Provider for oculus display
[XR] Oculus Input lifecycle provider registered.
[Subsystems] OculusXRPlugin successfully registered Provider for oculus input
[Subsystems] OculusXRPlugin successfully registered Provider for oculus display
[XR] OVRP version 1.88.0
Mono: successfully reloaded assembly
- Finished resetting the current domain, in  3.449 seconds
Domain Reload Profiling: 4480ms
	BeginReloadAssembly (124ms)
		ExecutionOrderSort (0ms)
		DisableScriptedObjects (5ms)
		BackupInstance (0ms)
		ReleaseScriptingObjects (0ms)
		CreateAndSetChildDomain (26ms)
	RebuildCommonClasses (28ms)
	RebuildNativeTypeToScriptingClass (8ms)
	initialDomainReloadingComplete (27ms)
	LoadAllAssembliesAndSetupDomain (842ms)
		LoadAssemblies (431ms)
		RebuildTransferFunctionScriptingTraits (0ms)
		AnalyzeDomain (466ms)
			TypeCache.Refresh (408ms)
				TypeCache.ScanAssembly (392ms)
			ScanForSourceGeneratedMonoScriptInfo (38ms)
			ResolveRequiredComponents (20ms)
	FinalizeReload (3450ms)
		ReleaseScriptCaches (0ms)
		RebuildScriptCaches (0ms)
		SetupLoadedEditorAssemblies (3215ms)
			LogAssemblyErrors (0ms)
			InitializePlatformSupportModulesInManaged (4ms)
			SetLoadedEditorAssemblies (3ms)
			RefreshPlugins (0ms)
			BeforeProcessingInitializeOnLoad (64ms)
			ProcessInitializeOnLoadAttributes (3040ms)
			ProcessInitializeOnLoadMethodAttributes (98ms)
			AfterProcessingInitializeOnLoad (5ms)
			EditorAssembliesLoaded (0ms)
		ExecutionOrderSort2 (0ms)
		AwakeInstancesAfterBackupRestoration (6ms)
Start importing Assets/VNPT/VNPTDONE.blend using Guid(8b4ec3ca53bbb19468b2df7141b40ed5) Importer(-1,00000000000000000000000000000000) Launched and connected shader compiler UnityShaderCompiler.exe after 0.05 seconds
 -> (artifact id: 'e071771c50d5c8c0ecb011a0c53baabb') in 3.438111 seconds
Start importing Assets/VNPT/VNPT_Building.fbx using Guid(5dedac7f48e640b498126e905dc08d67) Importer(-1,00000000000000000000000000000000)  -> (artifact id: 'e3afe23f426e7f15afd08c450bc31c7e') in 0.323345 seconds
Start importing Assets/vnpt_area_dump.txt using Guid(00d29c72b808d0743992266989ea7583) Importer(-1,00000000000000000000000000000000)  -> (artifact id: 'c1fe946b3e43d04b209d5c3162e7d779') in 0.003433 seconds
Refreshing native plugins compatible for Editor in 7.12 ms, found 9 plugins.
Preloading 2 native plugins for Editor in 0.09 ms.
Asset Pipeline Refresh (id=b194a4066a5982a4cba6a336fe59746f): Total: 14.706 seconds - Initiated by InitialRefreshV2(ForceSynchronousImport)
	Summary:
		Imports: total=3 (actual=3, local cache=0, cache server=0)
		Asset DB Process Time: managed=75 ms, native=5847 ms
		Asset DB Callback time: managed=399 ms, native=80 ms
		Scripting: domain reloads=1, domain reload time=4590 ms, compile time=3647 ms, other=65 ms
		Project Asset Count: scripts=10357, non-scripts=5165
		Asset File Changes: new=4, changed=5, moved=0, deleted=0
		Scan Filter Count: 0
	InvokeBeforeRefreshCallbacks: 0.238ms
	ApplyChangesToAssetFolders: 0.067ms
	Scan: 126.932ms
	OnSourceAssetsModified: 3.345ms
	GetAllGuidsForCategorization: 4.068ms
	CategorizeAssets: 382.610ms
	ImportOutOfDateAssets: 7377.941ms (-155.658ms without children)
		ImportManagerImport: 3829.009ms (19.281ms without children)
			ImportInProcess: 3809.684ms
			UpdateCategorizedAssets: 0.044ms
		CompileScripts: 3646.522ms
		ReloadNativeAssets: 0.063ms
		UnloadImportedAssets: 43.249ms
		ReloadImportedAssets: 0.001ms
		EnsureUptoDateAssetsAreRegisteredWithGuidPM: 9.781ms
		InitializingProgressBar: 0.034ms
		PostProcessAllAssetNotificationsAddChangedAssets: 0.001ms
		OnDemandSchedulerStart: 4.939ms
	PostProcessAllAssets: 400.972ms
	Hotreload: 76.161ms
	GatherAllCurrentPrimaryArtifactRevisions: 0.002ms
	UnloadStreamsBegin: 4.117ms
	PersistCurrentRevisions: 0.742ms
	UnloadStreamsEnd: 0.054ms
	GenerateScriptTypeHashes: 26.157ms
	Untracked: 6328.470ms
Application.AssetDatabase Initial Refresh End
Shader 'Oculus/OVRMRCameraFrameLit': fallback shader 'Alpha-Diffuse' not found
Scanning for USB devices : 1.366ms
Initializing Unity extensions:
[Licensing::Client] Successfully resolved entitlements
[MODES] ModeService[none].Initialize
[MODES] ModeService[none].LoadModes
[MODES] Loading mode Default (0) for mode-current-id-HKAir v2
ProgressiveSceneManager::Cancel()
Unloading 12 Unused Serialized files (Serialized files now loaded: 0)
Unloading 5776 unused Assets / (2.3 MB). Loaded Objects now: 8777.
Memory consumption went from 255.4 MB to 253.2 MB.
Total: 19.376600 ms (FindLiveObjects: 0.825700 ms CreateObjectMapping: 0.687800 ms MarkObjects: 6.001600 ms  DeleteObjects: 11.860200 ms)

Asset Pipeline Refresh (id=2203f76d75f93974a84a10dc8474ecc9): Total: 0.050 seconds - Initiated by RefreshV2(NoUpdateAssetOptions)
Start importing Assets/VNPT/Materials using Guid(89d6121be5c663d41bcd487fa5622382) Importer(-1,00000000000000000000000000000000)  -> (artifact id: '0a2407a167eb6ca3d557adfcd9d2e369') in 0.017081 seconds
Refreshing native plugins compatible for Editor in 6.27 ms, found 9 plugins.
Preloading 2 native plugins for Editor in 0.12 ms.
Asset Pipeline Refresh (id=dc549bded9f92e94eb3da45b57231e09): Total: 0.079 seconds - Initiated by StopAssetImportingV2(NoUpdateAssetOptions)
Start importing Assets/VNPT/Materials/aged cream wall.mat using Guid(3e87747181965864b9a48eb1ce859a6d) Importer(-1,00000000000000000000000000000000)  -> (artifact id: 'b6ba50cdd53b7d5928dbc8282903f1bb') in 0.003968 seconds
Refreshing native plugins compatible for Editor in 8.21 ms, found 9 plugins.
Preloading 2 native plugins for Editor in 0.10 ms.
Asset Pipeline Refresh (id=ce4513b4962179a439f223bbdca6b84d): Total: 0.075 seconds - Initiated by StopAssetImportingV2(NoUpdateAssetOptions)
Start importing Assets/VNPT/Materials/banner blue.mat using Guid(6983f79c4ceb0e24aa32b3d0621e2046) Importer(-1,00000000000000000000000000000000)  -> (artifact id: '38feee1875a420da24c5501ab0f0d898') in 0.003882 seconds
Refreshing native plugins compatible for Editor in 6.61 ms, found 9 plugins.
Preloading 2 native plugins for Editor in 0.11 ms.
Asset Pipeline Refresh (id=e7a17262dba100f4f86930e973f98b34): Total: 0.066 seconds - Initiated by StopAssetImportingV2(NoUpdateAssetOptions)
Start importing Assets/VNPT/Materials/banner green.mat using Guid(fccff28497e84b74681f7caaf5da05d4) Importer(-1,00000000000000000000000000000000)  -> (artifact id: '86b1339fbaee4316992a02f1a28e7ed6') in 0.002665 seconds
Refreshing native plugins compatible for Editor in 5.89 ms, found 9 plugins.
Preloading 2 native plugins for Editor in 0.10 ms.
Asset Pipeline Refresh (id=982022452ff5054468204eddcf2aa9a2): Total: 0.061 seconds - Initiated by StopAssetImportingV2(NoUpdateAssetOptions)
Start importing Assets/VNPT/Materials/banner red.mat using Guid(13ba1c8f1244da04b9a7afa84fb468bd) Importer(-1,00000000000000000000000000000000)  -> (artifact id: 'a09011e6405d29c70cd66c43deda5722') in 0.002621 seconds
Refreshing native plugins compatible for Editor in 6.52 ms, found 9 plugins.
Preloading 2 native plugins for Editor in 0.11 ms.
Asset Pipeline Refresh (id=38a343de24835cb4ba7b8e03740da681): Total: 0.060 seconds - Initiated by StopAssetImportingV2(NoUpdateAssetOptions)
Start importing Assets/VNPT/Materials/banner yellow.mat using Guid(5a412eefad8e69740af1124de0d96550) Importer(-1,00000000000000000000000000000000)  -> (artifact id: 'c468d709bcdabe6753bf8a81bbae4517') in 0.002455 seconds
Refreshing native plugins compatible for Editor in 6.09 ms, found 9 plugins.
Preloading 2 native plugins for Editor in 0.10 ms.
Asset Pipeline Refresh (id=7e8d71b5f4fb51449bc84eca798aa800): Total: 0.063 seconds - Initiated by StopAssetImportingV2(NoUpdateAssetOptions)
Start importing Assets/VNPT/Materials/black.mat using Guid(9dd9235ef6102344fabc99c16c756a23) Importer(-1,00000000000000000000000000000000)  -> (artifact id: '8d618b2fc71ea7f124d6a12911d91fae') in 0.002355 seconds
Refreshing native plugins compatible for Editor in 6.42 ms, found 9 plugins.
Preloading 2 native plugins for Editor in 0.09 ms.
Asset Pipeline Refresh (id=c2c765b88c544af4a83bc5a589a6b546): Total: 0.062 seconds - Initiated by StopAssetImportingV2(NoUpdateAssetOptions)
Start importing Assets/VNPT/Materials/brown frame.mat using Guid(9d378dcbce4576446a28bdac9a9f4747) Importer(-1,00000000000000000000000000000000)  -> (artifact id: '403b19f9df11baefa8df143abd1204e1') in 0.002212 seconds
Refreshing native plugins compatible for Editor in 6.21 ms, found 9 plugins.
Preloading 2 native plugins for Editor in 0.10 ms.
Asset Pipeline Refresh (id=db0adf21143721a449fcaa01ea073ab6): Total: 0.059 seconds - Initiated by StopAssetImportingV2(NoUpdateAssetOptions)
Start importing Assets/VNPT/Materials/dark recess.mat using Guid(0967ed662bbea33428d7fe00a1c8ef69) Importer(-1,00000000000000000000000000000000)  -> (artifact id: 'dd918b200c5412d750185ffbe4a87d28') in 0.003088 seconds
Refreshing native plugins compatible for Editor in 6.02 ms, found 9 plugins.
Preloading 2 native plugins for Editor in 0.09 ms.
Asset Pipeline Refresh (id=e37ab7e1136c1b340a7736f2a8ccda07): Total: 0.060 seconds - Initiated by StopAssetImportingV2(NoUpdateAssetOptions)
Start importing Assets/VNPT/Materials/light trim.mat using Guid(a459a938619aa9c46b34b3d999de1f6f) Importer(-1,00000000000000000000000000000000)  -> (artifact id: '0f2500f45ffceb49ef39a5ce11612fba') in 0.004075 seconds
Refreshing native plugins compatible for Editor in 5.92 ms, found 9 plugins.
Preloading 2 native plugins for Editor in 0.09 ms.
Asset Pipeline Refresh (id=047f1c34fe2df2145bb46cd8e8281012): Total: 0.061 seconds - Initiated by StopAssetImportingV2(NoUpdateAssetOptions)
Start importing Assets/VNPT/Materials/Material.mat using Guid(15fa43533c1514f4084b63b1a06e635f) Importer(-1,00000000000000000000000000000000)  -> (artifact id: '9e45479563a505afbe4f707c62960ae3') in 0.003566 seconds
Refreshing native plugins compatible for Editor in 5.95 ms, found 9 plugins.
Preloading 2 native plugins for Editor in 0.11 ms.
Asset Pipeline Refresh (id=879a93a4bc7d3404b8a074171140957b): Total: 0.060 seconds - Initiated by StopAssetImportingV2(NoUpdateAssetOptions)
Start importing Assets/VNPT/Materials/stone.mat using Guid(942855a9832475d449ed6cf579841548) Importer(-1,00000000000000000000000000000000)  -> (artifact id: '46001649cc987e6af19ea1ee1f5c0b76') in 0.003050 seconds
Refreshing native plugins compatible for Editor in 6.29 ms, found 9 plugins.
Preloading 2 native plugins for Editor in 0.09 ms.
Asset Pipeline Refresh (id=77f9f4292adc02f409fe50835708eea0): Total: 0.061 seconds - Initiated by StopAssetImportingV2(NoUpdateAssetOptions)
Start importing Assets/VNPT/Materials/VNPT blue.mat using Guid(e271175aa6439b945a620aad69bf7f7a) Importer(-1,00000000000000000000000000000000)  -> (artifact id: 'e1148b3e029ece30ca0b3a4a5c2a4215') in 0.002754 seconds
Refreshing native plugins compatible for Editor in 6.28 ms, found 9 plugins.
Preloading 2 native plugins for Editor in 0.12 ms.
Asset Pipeline Refresh (id=f64a4a56589434b408c3761036e64995): Total: 0.059 seconds - Initiated by StopAssetImportingV2(NoUpdateAssetOptions)
Start importing Assets/VNPT/Materials/white.mat using Guid(01a21b039b397a54e938cab9854a6451) Importer(-1,00000000000000000000000000000000)  -> (artifact id: '87f5ba3879660894e1f39ea565967f55') in 0.002723 seconds
Refreshing native plugins compatible for Editor in 6.45 ms, found 9 plugins.
Preloading 2 native plugins for Editor in 0.13 ms.
Asset Pipeline Refresh (id=68e1c2a5e96a1664eaeeeabb5fc699d7): Total: 0.065 seconds - Initiated by StopAssetImportingV2(NoUpdateAssetOptions)
Start importing Assets/VNPT/Materials/window glass.mat using Guid(4718071e9fdc1974f93f178805fb8fae) Importer(-1,00000000000000000000000000000000)  -> (artifact id: '0699dbaad8baa84920aa6959b968719a') in 0.002765 seconds
Refreshing native plugins compatible for Editor in 6.18 ms, found 9 plugins.
Preloading 2 native plugins for Editor in 0.10 ms.
Asset Pipeline Refresh (id=708fb764a83fbc54ab84f65d60f4610e): Total: 0.057 seconds - Initiated by StopAssetImportingV2(NoUpdateAssetOptions)
Start importing Assets/VNPT/Materials/white.mat using Guid(01a21b039b397a54e938cab9854a6451) Importer(-1,00000000000000000000000000000000)  -> (artifact id: '6a064785a8a4725f64013860a0be435a') in 0.003661 seconds
Start importing Assets/VNPT/Materials/VNPT blue.mat using Guid(e271175aa6439b945a620aad69bf7f7a) Importer(-1,00000000000000000000000000000000)  -> (artifact id: 'd02c8dea3007a0f72a44dc355b206992') in 0.001429 seconds
Start importing Assets/VNPT/Materials/banner red.mat using Guid(13ba1c8f1244da04b9a7afa84fb468bd) Importer(-1,00000000000000000000000000000000)  -> (artifact id: 'fc9e42efaf2caa7b45887fd45697e594') in 0.003686 seconds
Start importing Assets/VNPT/Materials/stone.mat using Guid(942855a9832475d449ed6cf579841548) Importer(-1,00000000000000000000000000000000)  -> (artifact id: 'ef8305639e4c444c94eb63d0da60fb2a') in 0.003246 seconds
Start importing Assets/VNPT/Materials/light trim.mat using Guid(a459a938619aa9c46b34b3d999de1f6f) Importer(-1,00000000000000000000000000000000)  -> (artifact id: '01512ce050510b48c95152032350f7c0') in 0.001216 seconds
Start importing Assets/VNPT/Materials/Material.mat using Guid(15fa43533c1514f4084b63b1a06e635f) Importer(-1,00000000000000000000000000000000)  -> (artifact id: '6920625ae07e463f1f7321f6c1577b46') in 0.001505 seconds
Start importing Assets/VNPT/Materials/window glass.mat using Guid(4718071e9fdc1974f93f178805fb8fae) Importer(-1,00000000000000000000000000000000)  -> (artifact id: '4d7d0ab803d5b1741b6519b3be150076') in 0.001340 seconds
Start importing Assets/VNPT/Materials/dark recess.mat using Guid(0967ed662bbea33428d7fe00a1c8ef69) Importer(-1,00000000000000000000000000000000)  -> (artifact id: 'e87589f207524c366fb8df93e6ad18ef') in 0.001408 seconds
Start importing Assets/VNPT/Materials/banner blue.mat using Guid(6983f79c4ceb0e24aa32b3d0621e2046) Importer(-1,00000000000000000000000000000000)  -> (artifact id: '63703408615aaec07370b5f1fc7bfd4c') in 0.001204 seconds
Start importing Assets/VNPT/Materials/banner yellow.mat using Guid(5a412eefad8e69740af1124de0d96550) Importer(-1,00000000000000000000000000000000)  -> (artifact id: '8337c572bf78145148760e712fba1c09') in 0.001014 seconds
Start importing Assets/VNPT/Materials/banner green.mat using Guid(fccff28497e84b74681f7caaf5da05d4) Importer(-1,00000000000000000000000000000000)  -> (artifact id: 'b766c1fe41f87617a0404a6512343824') in 0.000973 seconds
Start importing Assets/VNPT/Materials/brown frame.mat using Guid(9d378dcbce4576446a28bdac9a9f4747) Importer(-1,00000000000000000000000000000000)  -> (artifact id: '23b046c74113cb7feb44e8b90d7cc9e1') in 0.001056 seconds
Start importing Assets/VNPT/Materials/black.mat using Guid(9dd9235ef6102344fabc99c16c756a23) Importer(-1,00000000000000000000000000000000)  -> (artifact id: '178baf6779448c0739386cc64be50e02') in 0.001544 seconds
Start importing Assets/VNPT/Materials/aged cream wall.mat using Guid(3e87747181965864b9a48eb1ce859a6d) Importer(-1,00000000000000000000000000000000)  -> (artifact id: 'dda366aa74b3c374fd3a898e51ceaa27') in 0.001056 seconds
Refreshing native plugins compatible for Editor in 5.68 ms, found 9 plugins.
Preloading 2 native plugins for Editor in 0.10 ms.
Asset Pipeline Refresh (id=f5ab67f070974974abc87e3e282e4800): Total: 0.104 seconds - Initiated by StopAssetImportingV2(NoUpdateAssetOptions)
Start importing Assets/VNPT/VNPT_Building.prefab using Guid(d5f2fc42506ac46448378301c62bb872) Importer(-1,00000000000000000000000000000000)  -> (artifact id: '278b3b4fd479a2b779da9860d66ffdf4') in 0.059786 seconds
Refreshing native plugins compatible for Editor in 6.57 ms, found 9 plugins.
Preloading 2 native plugins for Editor in 0.16 ms.
Asset Pipeline Refresh (id=e6b6cb28921739640855a9f568aa3e53): Total: 0.127 seconds - Initiated by StopAssetImportingV2(NoUpdateAssetOptions)
[VNPTSetup] Saved prefab to Assets/VNPT/VNPT_Building.prefab
UnityEngine.StackTraceUtility:ExtractStackTrace ()
UnityEngine.DebugLogHandler:LogFormat (UnityEngine.LogType,UnityEngine.Object,string,object[])
UnityEngine.Logger:Log (UnityEngine.LogType,object)
UnityEngine.Debug:Log (object)
HoanKiemAirVR.Editor.VNPTSetup:BuildPrefabAndPlaceInScene () (at Assets/Editor/VNPTSetup.cs:157)

(Filename: Assets/Editor/VNPTSetup.cs Line: 157)

Opening scene 'Assets/Scenes/HoanKiem.unity'
Unloading 11 Unused Serialized files (Serialized files now loaded: 0)
Loaded scene 'Assets/Scenes/HoanKiem.unity'
	Deserialize:            1370.157 ms
	Integration:            858.716 ms
	Integration of assets:  38.700 ms
	Thread Wait Time:       -21.412 ms
	Total Operation Time:   2246.161 ms
Unloading 5193 unused Assets / (1.1 MB). Loaded Objects now: 123070.
Memory consumption went from 368.7 MB to 367.6 MB.
Total: 35.969100 ms (FindLiveObjects: 12.322000 ms CreateObjectMapping: 4.066100 ms MarkObjects: 9.593300 ms  DeleteObjects: 9.985000 ms)

[VNPTSetup] Door correctly faces West towards Lake with rotation -90 degrees.
UnityEngine.StackTraceUtility:ExtractStackTrace ()
UnityEngine.DebugLogHandler:LogFormat (UnityEngine.LogType,UnityEngine.Object,string,object[])
UnityEngine.Logger:Log (UnityEngine.LogType,object)
UnityEngine.Debug:Log (object)
HoanKiemAirVR.Editor.VNPTSetup:BuildPrefabAndPlaceInScene () (at Assets/Editor/VNPTSetup.cs:217)

(Filename: Assets/Editor/VNPTSetup.cs Line: 217)

[VNPTSetup] Adjusted position by deltaX=-10.85 to place entrance at X=704.00
UnityEngine.StackTraceUtility:ExtractStackTrace ()
UnityEngine.DebugLogHandler:LogFormat (UnityEngine.LogType,UnityEngine.Object,string,object[])
UnityEngine.Logger:Log (UnityEngine.LogType,object)
UnityEngine.Debug:Log (object)
HoanKiemAirVR.Editor.VNPTSetup:BuildPrefabAndPlaceInScene () (at Assets/Editor/VNPTSetup.cs:229)

(Filename: Assets/Editor/VNPTSetup.cs Line: 229)

Start importing Assets/Scenes/HoanKiem.unity using Guid(9fc0d4010bbf28b4594072e72b8655ab) Importer(-1,00000000000000000000000000000000)  -> (artifact id: '0260c92078a2efb526a952ae63af30e8') in 0.005422 seconds
Refreshing native plugins compatible for Editor in 12.49 ms, found 9 plugins.
Preloading 2 native plugins for Editor in 0.10 ms.
Asset Pipeline Refresh (id=0f8c28aefaebb8e41821f50302a40eef): Total: 0.159 seconds - Initiated by StopAssetImportingV2(NoUpdateAssetOptions)
<color=#00FFAA>[VNPTSetup] Đã đặt thành công Tòa nhà VNPT (Bưu điện Hà Nội) tại Pos: (714.15, -0.49, -710.00), Rot: (0.00, 270.00, 0.00) trong scene HoanKiem!</color>
UnityEngine.StackTraceUtility:ExtractStackTrace ()
UnityEngine.DebugLogHandler:LogFormat (UnityEngine.LogType,UnityEngine.Object,string,object[])
UnityEngine.Logger:Log (UnityEngine.LogType,object)
UnityEngine.Debug:Log (object)
HoanKiemAirVR.Editor.VNPTSetup:BuildPrefabAndPlaceInScene () (at Assets/Editor/VNPTSetup.cs:234)

(Filename: Assets/Editor/VNPTSetup.cs Line: 234)

Batchmode quit successfully invoked - shutting down!
Setting up 4 worker threads for Enlighten.
[Licensing::IpcConnector] License Notification channel disconnected successfully.
[Licensing::IpcConnector] License Client channel disconnected successfully.
Curl error 35: Cert verify failed. Certificate could not be verified (either omitted or unsupported). UnityTls error code: 7
Cleanup mono
[Performance] WinEditorMain                                                                                                                                :        1 samples, Peak.  1.79 s (1.0x), Avg.  1.79 s, Total. 1.792 s (5.5%)
[Performance] WinEditorMain.ConfigureCrashHandler                                                                                                          :        1 samples, Peak.  18.7 us (1.0x), Avg.  18.7 us, Total. 18.70 us (0.0%)
[Performance] WinEditorMain.CurlRequestInitialize                                                                                                          :        1 samples, Peak.   979 us (1.0x), Avg.   979 us, Total. 979.4 us (0.0%)
[Performance] WinEditorMain.SetupLogFile                                                                                                                   :        1 samples, Peak.   253 us (1.0x), Avg.   253 us, Total. 253.2 us (0.0%)
[Performance] WinEditorMain.RunNativeTestsIfRequiredAndExit                                                                                                :        1 samples, Peak.   100 ns (1.0x), Avg.   100 ns, Total. 100.0 ns (0.0%)
[Performance] WinEditorMain.Licensing                                                                                                                      :        1 samples, Peak.  1.77 s (1.0x), Avg.  1.77 s, Total. 1.769 s (5.4%)
[Performance] WinEditorMain.InitializeCrashHandler                                                                                                         :        1 samples, Peak.  18.8 ms (1.0x), Avg.  18.8 ms, Total. 18.83 ms (0.1%)
[Performance] WinEditorMain.CreateApplication                                                                                                              :        1 samples, Peak.   228 us (1.0x), Avg.   228 us, Total. 228.5 us (0.0%)
[Performance] Application.InitializeProject                                                                                                                :        1 samples, Peak.  18.6 s (1.0x), Avg.  18.6 s, Total. 18.56 s (56.7%)
[Performance] Application.PackageManager.StartServer                                                                                                       :        1 samples, Peak.  7.76 ms (1.0x), Avg.  7.76 ms, Total. 7.758 ms (0.0%)
[Performance] Application.AcquireProjectLock                                                                                                               :        1 samples, Peak.  3.04 ms (1.0x), Avg.  3.04 ms, Total. 3.044 ms (0.0%)
[Performance] Application.InitializeEngineNoGraphics                                                                                                       :        1 samples, Peak.  53.1 ms (1.0x), Avg.  53.1 ms, Total. 53.05 ms (0.2%)
[Performance] Application.PackageManager.Initialize                                                                                                        :        1 samples, Peak.   370 ms (1.0x), Avg.   370 ms, Total. 370.2 ms (1.1%)
[Performance] Connecting to Package Manager                                                                                                                :       38 samples, Peak.  70.4 us (17.5x), Avg.  4.02 us, Total. 152.9 us (0.0%)
[Performance] Application.EngineGraphics.Initialize                                                                                                        :        1 samples, Peak.  1.65 s (1.0x), Avg.  1.65 s, Total. 1.646 s (5.0%)
[Performance] Application.GI.Initialize                                                                                                                    :        1 samples, Peak.  3.19 ms (1.0x), Avg.  3.19 ms, Total. 3.190 ms (0.0%)
[Performance] Application.LoadAllDefaultResourcesFromEditor                                                                                                :        1 samples, Peak.  2.38 ms (1.0x), Avg.  2.38 ms, Total. 2.381 ms (0.0%)
[Performance] Application.LoadMonoAssemblies                                                                                                               :        1 samples, Peak.   540 ms (1.0x), Avg.   540 ms, Total. 540.1 ms (1.7%)
[Performance] RestoreManagedReferences                                                                                                                     :        2 samples, Peak.  95.0 ms (2.0x), Avg.  47.5 ms, Total. 95.00 ms (0.3%)
[Performance] InitializeOnLoad WindowLayout                                                                                                                :        2 samples, Peak.   794 us (1.2x), Avg.   682 us, Total. 1.365 ms (0.0%)
[Performance] InitializeOnLoad AssetStoreContext                                                                                                           :        2 samples, Peak.  24.5 ms (1.1x), Avg.  22.9 ms, Total. 45.80 ms (0.1%)
[Performance] InitializeOnLoad CloudBuild                                                                                                                  :        2 samples, Peak.  6.70 us (1.1x), Avg.  5.85 us, Total. 11.70 us (0.0%)
[Performance] InitializeOnLoad SettingsService                                                                                                             :        2 samples, Peak.  8.00 us (1.2x), Avg.  6.95 us, Total. 13.90 us (0.0%)
[Performance] InitializeOnLoad CacheServerWindow                                                                                                           :        2 samples, Peak.  9.60 us (1.0x), Avg.  9.15 us, Total. 18.30 us (0.0%)
[Performance] InitializeOnLoad MixerEffectDefinitionReloader                                                                                               :        2 samples, Peak.  2.76 ms (1.2x), Avg.  2.40 ms, Total. 4.793 ms (0.0%)
[Performance] InitializeOnLoad ShortcutIntegration                                                                                                         :        2 samples, Peak.   108 us (1.3x), Avg.  85.0 us, Total. 170.0 us (0.0%)
[Performance] InitializeOnLoad CheckNavigationPackage                                                                                                      :        2 samples, Peak.   569 us (1.1x), Avg.   507 us, Total. 1.013 ms (0.0%)
[Performance] InitializeOnLoad NativeFormatImporterUtility                                                                                                 :        2 samples, Peak.  2.33 ms (1.1x), Avg.  2.06 ms, Total. 4.116 ms (0.0%)
[Performance] InitializeOnLoad PlayModeDownload                                                                                                            :        2 samples, Peak.  5.12 ms (1.9x), Avg.  2.66 ms, Total. 5.323 ms (0.0%)
[Performance] InitializeOnLoad PrefabInstanceChangedListener                                                                                               :        2 samples, Peak.   193 us (1.3x), Avg.   152 us, Total. 303.5 us (0.0%)
[Performance] InitializeOnLoad SearchService                                                                                                               :        2 samples, Peak.   118 us (1.2x), Avg.  96.9 us, Total. 193.8 us (0.0%)
[Performance] InitializeOnLoad MenuItems                                                                                                                   :        2 samples, Peak.  72.3 us (1.1x), Avg.  66.5 us, Total. 133.0 us (0.0%)
[Performance] InitializeOnLoad DrivenRectTransformUndo                                                                                                     :        2 samples, Peak.   169 us (1.0x), Avg.   164 us, Total. 328.7 us (0.0%)
[Performance] InitializeOnLoad UnityConnect                                                                                                                :        2 samples, Peak.  41.8 us (1.0x), Avg.  41.2 us, Total. 82.50 us (0.0%)
[Performance] InitializeOnLoad ObjectSelectorSearch                                                                                                        :        2 samples, Peak.  27.6 us (1.0x), Avg.  27.1 us, Total. 54.30 us (0.0%)
[Performance] InitializeOnLoad AddComponentWindow                                                                                                          :        2 samples, Peak.  78.0 us (1.0x), Avg.  76.0 us, Total. 151.9 us (0.0%)
[Performance] InitializeOnLoad SceneSearch                                                                                                                 :        2 samples, Peak.  26.2 us (1.1x), Avg.  24.7 us, Total. 49.40 us (0.0%)
[Performance] InitializeOnLoad ManagedDebuggerWindow                                                                                                       :        2 samples, Peak.   607 us (1.5x), Avg.   397 us, Total. 793.7 us (0.0%)
[Performance] InitializeOnLoad ProjectSearch                                                                                                               :        2 samples, Peak.  33.9 us (1.1x), Avg.  31.0 us, Total. 62.00 us (0.0%)
[Performance] InitializeOnLoad UISystemProfilerRenderService                                                                                               :        2 samples, Peak.  5.30 us (1.0x), Avg.  5.10 us, Total. 10.20 us (0.0%)
[Performance] InitializeOnLoad EditMode                                                                                                                    :        2 samples, Peak.   352 us (1.2x), Avg.   302 us, Total. 603.7 us (0.0%)
[Performance] InitializeOnLoad ManagedDebugger                                                                                                             :        2 samples, Peak.   500 ns (1.1x), Avg.   450 ns, Total. 900.0 ns (0.0%)
[Performance] InitializeOnLoad EditorMonitor                                                                                                               :        2 samples, Peak.   571 us (1.2x), Avg.   473 us, Total. 945.9 us (0.0%)
[Performance] InitializeOnLoad RetainedMode                                                                                                                :        2 samples, Peak.  3.04 ms (1.3x), Avg.  2.43 ms, Total. 4.865 ms (0.0%)
[Performance] InitializeOnLoad EditorShaderLoader                                                                                                          :        2 samples, Peak.   617 us (1.1x), Avg.   558 us, Total. 1.116 ms (0.0%)
[Performance] InitializeOnLoad EditorDelegateRegistration                                                                                                  :        2 samples, Peak.   413 us (1.0x), Avg.   409 us, Total. 817.9 us (0.0%)
[Performance] InitializeOnLoad LiveReloadTrackerCreator                                                                                                    :        2 samples, Peak.   156 us (1.1x), Avg.   140 us, Total. 280.4 us (0.0%)
[Performance] InitializeOnLoad UxmlObjectEditorFactories                                                                                                   :        2 samples, Peak.   390 us (1.0x), Avg.   379 us, Total. 757.6 us (0.0%)
[Performance] InitializeOnLoad UIDocumentHierarchyWatcher                                                                                                  :        2 samples, Peak.  79.2 us (1.0x), Avg.  78.6 us, Total. 157.3 us (0.0%)
[Performance] InitializeOnLoad UXMLEditorFactories                                                                                                         :        2 samples, Peak.  58.1 ms (1.1x), Avg.  53.1 ms, Total. 106.2 ms (0.3%)
[Performance] InitializeOnLoad CloudBuildPoller                                                                                                            :        2 samples, Peak.   419 us (1.1x), Avg.   390 us, Total. 779.2 us (0.0%)
[Performance] InitializeOnLoad AnalyticsService                                                                                                            :        2 samples, Peak.  7.45 ms (1.0x), Avg.  7.12 ms, Total. 14.24 ms (0.0%)
[Performance] InitializeOnLoad UDPService                                                                                                                  :        2 samples, Peak.  5.71 ms (1.1x), Avg.  5.19 ms, Total. 10.38 ms (0.0%)
[Performance] InitializeOnLoad EditorGameServicesAnalytics                                                                                                 :        2 samples, Peak.  2.94 ms (1.7x), Avg.  1.75 ms, Total. 3.499 ms (0.0%)
[Performance] InitializeOnLoad PurchasingService                                                                                                           :        2 samples, Peak.  10.2 ms (1.0x), Avg.  9.97 ms, Total. 19.94 ms (0.1%)
[Performance] InitializeOnLoad ServicesRepository                                                                                                          :        2 samples, Peak.  1.30 us (1.0x), Avg.  1.30 us, Total. 2.600 us (0.0%)
[Performance] InitializeOnLoad AdsService                                                                                                                  :        2 samples, Peak.  5.76 ms (1.1x), Avg.  5.45 ms, Total. 10.90 ms (0.0%)
[Performance] InitializeOnLoad BuildService                                                                                                                :        2 samples, Peak.  4.60 ms (1.0x), Avg.  4.41 ms, Total. 8.811 ms (0.0%)
[Performance] InitializeOnLoad CrashService                                                                                                                :        2 samples, Peak.  4.58 ms (1.1x), Avg.  4.18 ms, Total. 8.361 ms (0.0%)
[Performance] InitializeOnLoad SearchWindow                                                                                                                :        2 samples, Peak.   151 us (1.0x), Avg.   149 us, Total. 297.1 us (0.0%)
[Performance] InitializeOnLoad CustomIndexers                                                                                                              :        2 samples, Peak.   302 us (1.0x), Avg.   298 us, Total. 596.1 us (0.0%)
[Performance] InitializeOnLoad SearchMonitor                                                                                                               :        2 samples, Peak.  2.93 ms (1.2x), Avg.  2.37 ms, Total. 4.744 ms (0.0%)
[Performance] InitializeOnLoad ParameterControllerEditor                                                                                                   :        2 samples, Peak.  20.2 us (1.0x), Avg.  19.7 us, Total. 39.50 us (0.0%)
[Performance] InitializeOnLoad LayerSettingsWindow                                                                                                         :        2 samples, Peak.  3.30 us (1.0x), Avg.  3.25 us, Total. 6.500 us (0.0%)
[Performance] InitializeOnLoad PackageManagerHookGUIDConverter.RegisterPackagesEventHandler                                                                :        2 samples, Peak.   740 us (1.8x), Avg.   421 us, Total. 842.2 us (0.0%)
[Performance] InitializeOnLoad EditorDragAndDrop.RegisterEditorClient                                                                                      :        2 samples, Peak.   181 us (1.0x), Avg.   178 us, Total. 356.3 us (0.0%)
[Performance] InitializeOnLoad EditorEventCallbacks.InitializeFontAssetResourceChangeCallBacks                                                             :        2 samples, Peak.  1.22 ms (1.1x), Avg.  1.11 ms, Total. 2.225 ms (0.0%)
[Performance] InitializeOnLoad SceneTemplateService.Init                                                                                                   :        2 samples, Peak.  1.19 ms (1.2x), Avg.   986 us, Total. 1.973 ms (0.0%)
[Performance] InitializeOnLoad DiagnosticSwitchesConsoleMessage.Init                                                                                       :        2 samples, Peak.  4.65 ms (1.8x), Avg.  2.54 ms, Total. 5.074 ms (0.0%)
[Performance] InitializeOnLoad PackageManagerWindow.EditorInitializedInSafeMode                                                                            :        2 samples, Peak.  21.2 ms (2.0x), Avg.  10.7 ms, Total. 21.31 ms (0.1%)
[Performance] InitializeOnLoad AssetPostprocessingInternal.RefreshCustomDependencies                                                                       :        2 samples, Peak.  3.59 ms (1.2x), Avg.  2.91 ms, Total. 5.826 ms (0.0%)
[Performance] InitializeOnLoad ToolShortcutContext.Init                                                                                                    :        2 samples, Peak.   156 us (1.1x), Avg.   145 us, Total. 289.1 us (0.0%)
[Performance] InitializeOnLoad MemoryProfilerCompilationGuard.InjectCompileGuard                                                                           :        2 samples, Peak.   145 us (1.2x), Avg.   117 us, Total. 234.5 us (0.0%)
[Performance] InitializeOnLoad ScopedRegistryAddedPopup.SubscribeToRegistriesAdded                                                                         :        2 samples, Peak.  7.06 ms (2.0x), Avg.  3.58 ms, Total. 7.152 ms (0.0%)
[Performance] InitializeOnLoad EditorWindow.Initialize                                                                                                     :        2 samples, Peak.   179 us (1.1x), Avg.   159 us, Total. 318.3 us (0.0%)
[Performance] InitializeOnLoad SysrootManager.Initialize                                                                                                   :        2 samples, Peak.   537 us (1.1x), Avg.   479 us, Total. 957.3 us (0.0%)
[Performance] InitializeOnLoad SceneVisibilityManager.Initialize                                                                                           :        2 samples, Peak.  5.35 ms (1.8x), Avg.  3.04 ms, Total. 6.089 ms (0.0%)
[Performance] AssemblyReloadEvents.afterAssemblyReload: UnityEditor.SceneTemplate.SceneTemplateService.AfterAssemblyReload                                 :        2 samples, Peak.  2.86 ms (1.8x), Avg.  1.58 ms, Total. 3.166 ms (0.0%)
[Performance] ProcessService.EditorAfterLoadAllAssemblies                                                                                                  :        2 samples, Peak.   487 us (1.3x), Avg.   361 us, Total. 722.6 us (0.0%)
[Performance] Application.ReadLicenseInfo                                                                                                                  :        1 samples, Peak.  13.5 ms (1.0x), Avg.  13.5 ms, Total. 13.55 ms (0.0%)
[Performance] Application.InitialRefresh                                                                                                                   :        1 samples, Peak.  14.7 s (1.0x), Avg.  14.7 s, Total. 14.71 s (44.9%)
[Performance] BuilderAssetModificationProcessor.OnWillCreateAsset                                                                                          :       36 samples, Peak.   982 us (21.5x), Avg.  45.8 us, Total. 1.647 ms (0.0%)
[Performance] ShaderImporter.SourceAssetModified                                                                                                           :       20 samples, Peak.  1.70 us (1.7x), Avg.  1.01 us, Total. 20.30 us (0.0%)
[Performance] ShaderIncludeImporter.SourceAssetModified                                                                                                    :       20 samples, Peak.  2.00 us (1.7x), Avg.  1.20 us, Total. 24.10 us (0.0%)
[Performance] Compiling Scripts                                                                                                                            :        1 samples, Peak.  3.65 s (1.0x), Avg.  3.65 s, Total. 3.646 s (11.1%)
[Performance] AssemblyReloadEvents.beforeAssemblyReload: UnityEditor.SceneTemplate.SceneTemplateService.BeforeAssemblyReload                               :        1 samples, Peak.   509 us (1.0x), Avg.   509 us, Total. 508.5 us (0.0%)
[Performance] PresetManagerPostProcessor.OnPreprocessAsset                                                                                                 :       36 samples, Peak.  1.15 ms (23.4x), Avg.  49.2 us, Total. 1.772 ms (0.0%)
[Performance] CancelSplashScreenOnAssetChange.OnPreprocessAsset                                                                                            :       36 samples, Peak.   140 us (21.3x), Avg.  6.58 us, Total. 237.0 us (0.0%)
[Performance] ShaderGraphAssetPostProcessor.OnPreprocessAsset                                                                                              :       36 samples, Peak.   219 us (22.7x), Avg.  9.66 us, Total. 347.6 us (0.0%)
[Performance] InitializeOnLoad TouchSimulation                                                                                                             :        1 samples, Peak.   227 us (1.0x), Avg.   227 us, Total. 227.3 us (0.0%)
[Performance] InitializeOnLoad InputSystem                                                                                                                 :        1 samples, Peak.  47.4 ms (1.0x), Avg.  47.4 ms, Total. 47.37 ms (0.1%)
[Performance] InitializeOnLoad BurstLoader                                                                                                                 :        1 samples, Peak.  2.31 s (1.0x), Avg.  2.31 s, Total. 2.307 s (7.0%)
[Performance] InitializeOnLoad ShadowCasterGroup2DManager                                                                                                  :        1 samples, Peak.   343 us (1.0x), Avg.   343 us, Total. 342.8 us (0.0%)
[Performance] InitializeOnLoad PlatformSettings                                                                                                            :        1 samples, Peak.  5.30 us (1.0x), Avg.  5.30 us, Total. 5.300 us (0.0%)
[Performance] InitializeOnLoad PrefabLayoutRebuilder                                                                                                       :        1 samples, Peak.   231 us (1.0x), Avg.   231 us, Total. 231.1 us (0.0%)
[Performance] InitializeOnLoad OculusSampleFrameworkUtil                                                                                                   :        1 samples, Peak.   125 us (1.0x), Avg.   125 us, Total. 124.8 us (0.0%)
[Performance] InitializeOnLoad RoadTracer                                                                                                                  :        1 samples, Peak.   194 us (1.0x), Avg.   194 us, Total. 194.0 us (0.0%)
[Performance] InitializeOnLoad CityCrowdAutoBake                                                                                                           :        1 samples, Peak.  91.4 us (1.0x), Avg.  91.4 us, Total. 91.40 us (0.0%)
[Performance] InitializeOnLoad CrowdAutoRebake                                                                                                             :        1 samples, Peak.  42.5 us (1.0x), Avg.  42.5 us, Total. 42.50 us (0.0%)
[Performance] InitializeOnLoad SelectedInspector                                                                                                           :        1 samples, Peak.  73.5 us (1.0x), Avg.  73.5 us, Total. 73.50 us (0.0%)
[Performance] InitializeOnLoad UnityObjectAddedBroadcaster                                                                                                 :        1 samples, Peak.  2.77 ms (1.0x), Avg.  2.77 ms, Total. 2.770 ms (0.0%)
[Performance] InitializeOnLoad AutoWiring                                                                                                                  :        1 samples, Peak.   249 us (1.0x), Avg.   249 us, Total. 249.5 us (0.0%)
[Performance] InitializeOnLoad InteractionAutoWiring                                                                                                       :        1 samples, Peak.   587 us (1.0x), Avg.   587 us, Total. 587.1 us (0.0%)
[Performance] InitializeOnLoad PackageCleanup                                                                                                              :        1 samples, Peak.  91.3 us (1.0x), Avg.  91.3 us, Total. 91.30 us (0.0%)
[Performance] InitializeOnLoad PluginUpdater                                                                                                               :        1 samples, Peak.   138 us (1.0x), Avg.   138 us, Total. 137.5 us (0.0%)
[Performance] InitializeOnLoad OVRAutoWiring                                                                                                               :        1 samples, Peak.   353 us (1.0x), Avg.   353 us, Total. 353.2 us (0.0%)
[Performance] InitializeOnLoad ButtonFallbackComposite                                                                                                     :        1 samples, Peak.   297 us (1.0x), Avg.   297 us, Total. 296.6 us (0.0%)
[Performance] InitializeOnLoad IntegerFallbackComposite                                                                                                    :        1 samples, Peak.  65.8 us (1.0x), Avg.  65.8 us, Total. 65.80 us (0.0%)
[Performance] InitializeOnLoad Vector3FallbackComposite                                                                                                    :        1 samples, Peak.   105 us (1.0x), Avg.   105 us, Total. 104.7 us (0.0%)
[Performance] InitializeOnLoad SectorInteraction                                                                                                           :        1 samples, Peak.   200 us (1.0x), Avg.   200 us, Total. 199.7 us (0.0%)
[Performance] InitializeOnLoad QuaternionFallbackComposite                                                                                                 :        1 samples, Peak.  71.2 us (1.0x), Avg.  71.2 us, Total. 71.20 us (0.0%)
[Performance] InitializeOnLoad SimulatedInputLayoutLoader                                                                                                  :        1 samples, Peak.   229 us (1.0x), Avg.   229 us, Total. 228.6 us (0.0%)
[Performance] InitializeOnLoad ScriptableSettingsInitializer                                                                                               :        1 samples, Peak.   324 us (1.0x), Avg.   324 us, Total. 323.5 us (0.0%)
[Performance] InitializeOnLoad BuildValidator                                                                                                              :        1 samples, Peak.   479 us (1.0x), Avg.   479 us, Total. 478.8 us (0.0%)
[Performance] InitializeOnLoad InteractionLayerUpdater                                                                                                     :        1 samples, Peak.  6.70 us (1.0x), Avg.  6.70 us, Total. 6.700 us (0.0%)
[Performance] InitializeOnLoad ONSPSettings                                                                                                                :        1 samples, Peak.  3.50 us (1.0x), Avg.  3.50 us, Total. 3.500 us (0.0%)
[Performance] InitializeOnLoad BackgroundWatcher                                                                                                           :        1 samples, Peak.   159 us (1.0x), Avg.   159 us, Total. 158.6 us (0.0%)
[Performance] InitializeOnLoad UnityTestProtocolStarter                                                                                                    :        1 samples, Peak.   177 us (1.0x), Avg.   177 us, Total. 177.3 us (0.0%)
[Performance] InitializeOnLoad TestStarter                                                                                                                 :        1 samples, Peak.   631 us (1.0x), Avg.   631 us, Total. 631.1 us (0.0%)
[Performance] InitializeOnLoad RerunCallbackInitializer                                                                                                    :        1 samples, Peak.  5.69 ms (1.0x), Avg.  5.69 ms, Total. 5.690 ms (0.0%)
[Performance] InitializeOnLoad RiderScriptEditor                                                                                                           :        1 samples, Peak.  7.27 ms (1.0x), Avg.  7.27 ms, Total. 7.267 ms (0.0%)
[Performance] InitializeOnLoad CallbackInitializer                                                                                                         :        1 samples, Peak.  2.28 ms (1.0x), Avg.  2.28 ms, Total. 2.284 ms (0.0%)
[Performance] InitializeOnLoad RealtimeProbeSubdivisionDebug                                                                                               :        1 samples, Peak.   468 us (1.0x), Avg.   468 us, Total. 467.5 us (0.0%)
[Performance] InitializeOnLoad ProbeGIBaking                                                                                                               :        1 samples, Peak.  2.22 ms (1.0x), Avg.  2.22 ms, Total. 2.225 ms (0.0%)
[Performance] InitializeOnLoad FilterWindow                                                                                                                :        1 samples, Peak.  32.9 us (1.0x), Avg.  32.9 us, Total. 32.90 us (0.0%)
[Performance] InitializeOnLoad CoverageReporterStarter                                                                                                     :        1 samples, Peak.  21.1 ms (1.0x), Avg.  21.1 ms, Total. 21.11 ms (0.1%)
[Performance] InitializeOnLoad XRGeneralSettingsPerBuildTarget                                                                                             :        1 samples, Peak.   479 us (1.0x), Avg.   479 us, Total. 478.9 us (0.0%)
[Performance] InitializeOnLoad XRLegacyUninstaller                                                                                                         :        1 samples, Peak.  11.9 ms (1.0x), Avg.  11.9 ms, Total. 11.93 ms (0.0%)
[Performance] InitializeOnLoad XRPackageInitializationBootstrap                                                                                            :        1 samples, Peak.  72.1 us (1.0x), Avg.  72.1 us, Total. 72.10 us (0.0%)
[Performance] InitializeOnLoad XRPackageMetadataStore                                                                                                      :        1 samples, Peak.   316 us (1.0x), Avg.   316 us, Total. 316.0 us (0.0%)
[Performance] InitializeOnLoad WitUnderstandingViewerVoiceServiceAPI                                                                                       :        1 samples, Peak.   342 us (1.0x), Avg.   342 us, Total. 341.7 us (0.0%)
[Performance] InitializeOnLoad VSCodeScriptEditor                                                                                                          :        1 samples, Peak.  4.75 ms (1.0x), Avg.  4.75 ms, Total. 4.752 ms (0.0%)
[Performance] InitializeOnLoad InputLayoutLoader                                                                                                           :        1 samples, Peak.   973 us (1.0x), Avg.   973 us, Total. 972.8 us (0.0%)
[Performance] InitializeOnLoad OculusEnterPlayModeSettingsCheck                                                                                            :        1 samples, Peak.   178 us (1.0x), Avg.   178 us, Total. 178.3 us (0.0%)
[Performance] InitializeOnLoad NodeClassCache                                                                                                              :        1 samples, Peak.  10.1 us (1.0x), Avg.  10.1 us, Total. 10.10 us (0.0%)
[Performance] InitializeOnLoad ShaderGraphMaterialsUpdater                                                                                                 :        2 samples, Peak.   392 us (1.6x), Avg.   246 us, Total. 492.7 us (0.0%)
[Performance] InitializeOnLoad EditorToolManager                                                                                                           :        1 samples, Peak.  2.25 ms (1.0x), Avg.  2.25 ms, Total. 2.249 ms (0.0%)
[Performance] InitializeOnLoad Renderer2DAnalytics                                                                                                         :        1 samples, Peak.  84.2 us (1.0x), Avg.  84.2 us, Total. 84.20 us (0.0%)
[Performance] InitializeOnLoad RendererDataPatcher                                                                                                         :        1 samples, Peak.   138 ms (1.0x), Avg.   138 ms, Total. 137.9 ms (0.4%)
[Performance] InitializeOnLoad PlasticPlugin                                                                                                               :        1 samples, Peak.  95.9 ms (1.0x), Avg.  95.9 ms, Total. 95.89 ms (0.3%)
[Performance] InitializeOnLoad VSUsageUtility                                                                                                              :        1 samples, Peak.   113 ms (1.0x), Avg.   113 ms, Total. 113.4 ms (0.3%)
[Performance] InitializeOnLoad ONSPAudioPluginUpdater                                                                                                      :        1 samples, Peak.  3.16 ms (1.0x), Avg.  3.16 ms, Total. 3.164 ms (0.0%)
[Performance] InitializeOnLoad ToolbarBootstrap                                                                                                            :        1 samples, Peak.   476 us (1.0x), Avg.   476 us, Total. 475.9 us (0.0%)
[Performance] InitializeOnLoad VisualStudioEditor                                                                                                          :        1 samples, Peak.  15.6 ms (1.0x), Avg.  15.6 ms, Total. 15.65 ms (0.0%)
[Performance] InitializeOnLoad VisualStudioIntegration                                                                                                     :        1 samples, Peak.  10.2 ms (1.0x), Avg.  10.2 ms, Total. 10.20 ms (0.0%)
[Performance] InitializeOnLoad TestRunnerApiListener                                                                                                       :        1 samples, Peak.  1.06 ms (1.0x), Avg.  1.06 ms, Total. 1.060 ms (0.0%)
[Performance] InitializeOnLoad LogPreferences                                                                                                              :        1 samples, Peak.   572 us (1.0x), Avg.   572 us, Total. 571.6 us (0.0%)
[Performance] InitializeOnLoad EntityVisibility                                                                                                            :        1 samples, Peak.   478 us (1.0x), Avg.   478 us, Total. 477.5 us (0.0%)
[Performance] InitializeOnLoad VertexManipulationToolSettings                                                                                              :        1 samples, Peak.   243 us (1.0x), Avg.   243 us, Total. 243.5 us (0.0%)
[Performance] InitializeOnLoad UndoUtility                                                                                                                 :        1 samples, Peak.   129 us (1.0x), Avg.   129 us, Total. 129.3 us (0.0%)
[Performance] InitializeOnLoad MeshSelection                                                                                                               :        1 samples, Peak.  10.2 ms (1.0x), Avg.  10.2 ms, Total. 10.20 ms (0.0%)
[Performance] InitializeOnLoad DestroyListener                                                                                                             :        1 samples, Peak.  1.10 ms (1.0x), Avg.  1.10 ms, Total. 1.103 ms (0.0%)
[Performance] InitializeOnLoad VersionValidator                                                                                                            :        1 samples, Peak.  1.12 ms (1.0x), Avg.  1.12 ms, Total. 1.115 ms (0.0%)
[Performance] InitializeOnLoad HierarchyListener                                                                                                           :        1 samples, Peak.   533 us (1.0x), Avg.   533 us, Total. 532.5 us (0.0%)
[Performance] InitializeOnLoad Lightmapping                                                                                                                :        1 samples, Peak.  1.14 ms (1.0x), Avg.  1.14 ms, Total. 1.139 ms (0.0%)
[Performance] InitializeOnLoad SceneDragAndDropListener                                                                                                    :        1 samples, Peak.   696 us (1.0x), Avg.   696 us, Total. 696.0 us (0.0%)
[Performance] InitializeOnLoad ProGridsInterface                                                                                                           :        1 samples, Peak.  7.24 ms (1.0x), Avg.  7.24 ms, Total. 7.240 ms (0.0%)
[Performance] InitializeOnLoad OVRLint                                                                                                                     :        1 samples, Peak.   658 us (1.0x), Avg.   658 us, Total. 658.2 us (0.0%)
[Performance] InitializeOnLoad OVRTelemetryPopup                                                                                                           :        1 samples, Peak.   256 us (1.0x), Avg.   256 us, Total. 255.9 us (0.0%)
[Performance] InitializeOnLoad OVRProjectSetupMovementSDKTasks2                                                                                            :        1 samples, Peak.  26.9 ms (1.0x), Avg.  26.9 ms, Total. 26.90 ms (0.1%)
[Performance] InitializeOnLoad OVRProjectSetupUpdater                                                                                                      :        1 samples, Peak.  4.90 us (1.0x), Avg.  4.90 us, Total. 4.900 us (0.0%)
[Performance] InitializeOnLoad OVREngineConfigurationUpdater                                                                                               :        1 samples, Peak.  2.29 ms (1.0x), Avg.  2.29 ms, Total. 2.294 ms (0.0%)
[Performance] InitializeOnLoad OVRProjectSetupPassthrough                                                                                                  :        1 samples, Peak.  9.35 ms (1.0x), Avg.  9.35 ms, Total. 9.354 ms (0.0%)
[Performance] InitializeOnLoad OVRGradleGeneration                                                                                                         :        1 samples, Peak.   280 us (1.0x), Avg.   280 us, Total. 279.7 us (0.0%)
[Performance] InitializeOnLoad OVREditorStart                                                                                                              :        1 samples, Peak.  31.1 ms (1.0x), Avg.  31.1 ms, Total. 31.07 ms (0.1%)
[Performance] InitializeOnLoad OVRProjectSetupSceneTasks                                                                                                   :        1 samples, Peak.  2.07 ms (1.0x), Avg.  2.07 ms, Total. 2.068 ms (0.0%)
[Performance] InitializeOnLoad OculusBuildApp                                                                                                              :        1 samples, Peak.  15.6 us (1.0x), Avg.  15.6 us, Total. 15.60 us (0.0%)
[Performance] InitializeOnLoad OVRProjectSetupRenderingTasks                                                                                               :        1 samples, Peak.  4.58 ms (1.0x), Avg.  4.58 ms, Total. 4.576 ms (0.0%)
[Performance] InitializeOnLoad OVRProjectConfig                                                                                                            :        1 samples, Peak.   196 us (1.0x), Avg.   196 us, Total. 196.4 us (0.0%)
[Performance] InitializeOnLoad OVRProjectSetupStatusIcon                                                                                                   :        1 samples, Peak.  1.60 ms (1.0x), Avg.  1.60 ms, Total. 1.603 ms (0.0%)
[Performance] InitializeOnLoad OVRProjectSetupCompatibilityTasks                                                                                           :        1 samples, Peak.  1.10 us (1.0x), Avg.  1.10 us, Total. 1.100 us (0.0%)
[Performance] InitializeOnLoad OVRPluginUpdater                                                                                                            :        1 samples, Peak.   282 us (1.0x), Avg.   282 us, Total. 282.2 us (0.0%)
[Performance] InitializeOnLoad OVRProjectSetupPhysicsTasks                                                                                                 :        1 samples, Peak.  1.24 ms (1.0x), Avg.  1.24 ms, Total. 1.244 ms (0.0%)
[Performance] InitializeOnLoad OVRConfig                                                                                                                   :        1 samples, Peak.  12.3 us (1.0x), Avg.  12.3 us, Total. 12.30 us (0.0%)
[Performance] InitializeOnLoad OVRProjectSetupQualityTasks                                                                                                 :        1 samples, Peak.  1.96 ms (1.0x), Avg.  1.96 ms, Total. 1.957 ms (0.0%)
[Performance] InitializeOnLoad OVREditorShutdown                                                                                                           :        1 samples, Peak.   260 us (1.0x), Avg.   260 us, Total. 260.0 us (0.0%)
[Performance] InitializeOnLoad OVRPlatformToolSettings                                                                                                     :        1 samples, Peak.   151 us (1.0x), Avg.   151 us, Total. 151.1 us (0.0%)
[Performance] InitializeOnLoad ConsoleLinkEventHandler                                                                                                     :        1 samples, Peak.  16.5 us (1.0x), Avg.  16.5 us, Total. 16.50 us (0.0%)
[Performance] InitializeOnLoad OVRProjectSetupXRTasks                                                                                                      :        1 samples, Peak.  1.03 ms (1.0x), Avg.  1.03 ms, Total. 1.030 ms (0.0%)
[Performance] InitializeOnLoad OVRProjectSetupMovementSDKConfigurationTasks                                                                                :        1 samples, Peak.   810 us (1.0x), Avg.   810 us, Total. 809.9 us (0.0%)
[Performance] InitializeOnLoad StarterAssetsSampleProjectValidation.RegisterProjectValidationRules                                                         :        1 samples, Peak.  3.18 ms (1.0x), Avg.  3.18 ms, Total. 3.181 ms (0.0%)
[Performance] InitializeOnLoad OculusLoader.EditorLoadOVRPlugin                                                                                            :        1 samples, Peak.  7.68 ms (1.0x), Avg.  7.68 ms, Total. 7.681 ms (0.0%)
[Performance] InitializeOnLoad ProBuilderSettings.SaveSettingsOnExit                                                                                       :        1 samples, Peak.  91.0 us (1.0x), Avg.  91.0 us, Total. 91.00 us (0.0%)
[Performance] InitializeOnLoad MaterialReimporter.RegisterUpgraderReimport                                                                                 :        2 samples, Peak.   284 us (1.8x), Avg.   158 us, Total. 316.7 us (0.0%)
[Performance] InitializeOnLoad $BurstDirectCallInitializer.Initialize                                                                                      :        1 samples, Peak.  43.6 ms (1.0x), Avg.  43.6 ms, Total. 43.62 ms (0.1%)
[Performance] InitializeOnLoad TestJobDataHolder.ResumeRunningJobs                                                                                         :        1 samples, Peak.  2.40 ms (1.0x), Avg.  2.40 ms, Total. 2.397 ms (0.0%)
[Performance] InitializeOnLoad AnalyticsReporter.RegisterCallbacks                                                                                         :        1 samples, Peak.   776 us (1.0x), Avg.   776 us, Total. 775.9 us (0.0%)
[Performance] InitializeOnLoad VolumeGizmoDrawer.InitVolumeGizmoCallbacks                                                                                  :        1 samples, Peak.   628 us (1.0x), Avg.   628 us, Total. 628.4 us (0.0%)
[Performance] InitializeOnLoad CoreRenderPipelinePreferences.InitPreferenceProviders                                                                       :        1 samples, Peak.  20.7 ms (1.0x), Avg.  20.7 ms, Total. 20.73 ms (0.1%)
[Performance] InitializeOnLoad DebugManagerWindowLifetimeAnalytic.SubscribeToDebugManagerOpenCloseWindows                                                  :        1 samples, Peak.   436 us (1.0x), Avg.   436 us, Total. 436.4 us (0.0%)
[Performance] InitializeOnLoad SampleMetadata.OnScriptReloaded                                                                                             :        1 samples, Peak.  88.5 us (1.0x), Avg.  88.5 us, Total. 88.50 us (0.0%)
[Performance] DidReloadScriptsWitConfigurationEditor.OnScriptsReloaded                                                                                     :        1 samples, Peak.  7.04 ms (1.0x), Avg.  7.04 ms, Total. 7.042 ms (0.0%)
[Performance] DidReloadScriptsAdvancedDropdownWindow.OnScriptReload                                                                                        :        2 samples, Peak.   278 us (1.2x), Avg.   229 us, Total. 458.3 us (0.0%)
[Performance] DidReloadScriptsPackageVersionUtility.OnReloadScripts                                                                                        :        1 samples, Peak.  88.9 us (1.0x), Avg.  88.9 us, Total. 88.90 us (0.0%)
[Performance] DidReloadScriptsTestRunnerWindow.CompilationCallback                                                                                         :        1 samples, Peak.   151 us (1.0x), Avg.   151 us, Total. 150.9 us (0.0%)
[Performance] DidReloadScriptsTestListCache.ScriptReloaded                                                                                                 :        1 samples, Peak.  1.68 ms (1.0x), Avg.  1.68 ms, Total. 1.682 ms (0.0%)
[Performance] DidReloadScriptsDebugWindow.OnEditorReload                                                                                                   :        1 samples, Peak.  4.72 ms (1.0x), Avg.  4.72 ms, Total. 4.724 ms (0.0%)
[Performance] DidReloadScriptsVolumeComponentEditor.OnEditorReload                                                                                         :        1 samples, Peak.  17.7 ms (1.0x), Avg.  17.7 ms, Total. 17.67 ms (0.1%)
[Performance] DidReloadScriptsLookDev.OnEditorReload                                                                                                       :        1 samples, Peak.   207 us (1.0x), Avg.   207 us, Total. 207.4 us (0.0%)
[Performance] DidReloadScriptsOVRManager.ScriptsReloaded                                                                                                   :        1 samples, Peak.  21.6 us (1.0x), Avg.  21.6 us, Total. 21.60 us (0.0%)
[Performance] AssemblyReloadEvents.afterAssemblyReload: UnityEditor.XR.Management.Metadata.XRPackageMetadataStore.AssemblyReloadEvents_afterAssemblyReload :        1 samples, Peak.  2.49 ms (1.0x), Avg.  2.49 ms, Total. 2.489 ms (0.0%)
[Performance] AssemblyReloadEvents.afterAssemblyReload: UnityEditor.ProBuilder.HierarchyListener.OnAfterAssemblyReload                                     :        1 samples, Peak.   145 us (1.0x), Avg.   145 us, Total. 145.1 us (0.0%)
[Performance] ModelImporter.Import                                                                                                                         :        2 samples, Peak.  3.28 s (1.8x), Avg.  1.78 s, Total. 3.566 s (10.9%)
[Performance] FBXMaterialDescriptionPreprocessor.OnPreprocessMaterialDescription                                                                           :       44 samples, Peak.  7.64 ms (16.4x), Avg.   466 us, Total. 20.48 ms (0.1%)
[Performance] SketchupMaterialDescriptionPreprocessor.OnPreprocessMaterialDescription                                                                      :       44 samples, Peak.   698 us (29.3x), Avg.  23.8 us, Total. 1.049 ms (0.0%)
[Performance] ThreeDSMaterialDescriptionPreprocessor.OnPreprocessMaterialDescription                                                                       :       44 samples, Peak.   560 us (32.9x), Avg.  17.0 us, Total. 748.3 us (0.0%)
[Performance] AutodeskInteractiveMaterialImport.OnPreprocessMaterialDescription                                                                            :       22 samples, Peak.  1.56 ms (21.2x), Avg.  73.7 us, Total. 1.622 ms (0.0%)
[Performance] FBXArnoldSurfaceMaterialDescriptionPreprocessor.OnPreprocessMaterialDescription                                                              :       22 samples, Peak.   405 us (14.3x), Avg.  28.3 us, Total. 622.9 us (0.0%)
[Performance] PhysicalMaterial3DsMaxPreprocessor.OnPreprocessMaterialDescription                                                                           :       22 samples, Peak.   194 us (13.3x), Avg.  14.5 us, Total. 320.1 us (0.0%)
[Performance] PhongPbrMaterialDescriptionPostprocessor.OnPreprocessMaterialDescription                                                                     :       22 samples, Peak.  2.73 ms (19.2x), Avg.   142 us, Total. 3.124 ms (0.0%)
[Performance] SceneDataContainer.TransformHierarchyChangedSetParentCallback                                                                                :     3390 samples, Peak.  60.2 us (271.6x), Avg.   222 ns, Total. 751.5 us (0.0%)
[Performance] SceneVisibilityState.IsFlagSetInParents                                                                                                      :     3396 samples, Peak.  59.8 us (701.0x), Avg.  85.3 ns, Total. 289.7 us (0.0%)
[Performance] ModelPostprocessor.OnPostprocessModel                                                                                                        :        2 samples, Peak.  9.81 ms (1.9x), Avg.  5.10 ms, Total. 10.19 ms (0.0%)
[Performance] TreeAOImporter.OnPostprocessModel                                                                                                            :        2 samples, Peak.  1.25 ms (2.0x), Avg.   633 us, Total. 1.266 ms (0.0%)
[Performance] StateMacroSavedEvent.OnWillSaveAssets                                                                                                        :        7 samples, Peak.   392 us (4.6x), Avg.  84.4 us, Total. 590.7 us (0.0%)
[Performance] FlowMacroSavedEvent.OnWillSaveAssets                                                                                                         :        7 samples, Peak.   246 us (6.0x), Avg.  41.2 us, Total. 288.6 us (0.0%)
[Performance] AssetModificationProcessor.OnWillSaveAssets                                                                                                  :        7 samples, Peak.   463 us (6.8x), Avg.  67.7 us, Total. 473.9 us (0.0%)
[Performance] BuilderAssetModificationProcessor.OnWillSaveAssets                                                                                           :        7 samples, Peak.   921 us (6.9x), Avg.   134 us, Total. 940.9 us (0.0%)
[Performance] TerrainModificationProcessor.OnWillSaveAssets                                                                                                :        7 samples, Peak.  1.16 ms (6.9x), Avg.   168 us, Total. 1.174 ms (0.0%)
[Performance] VersionControl.Task.Wait                                                                                                                     :        1 samples, Peak.  30.9 us (1.0x), Avg.  30.9 us, Total. 30.90 us (0.0%)
[Performance] AssetDatabase.ImportAssets                                                                                                                   :       25 samples, Peak.   105 ms (25.0x), Avg.  4.20 ms, Total. 104.9 ms (0.3%)
[Performance] WitConfigurationPostprocessor.OnPostprocessAllAssets                                                                                         :       38 samples, Peak.   235 us (9.7x), Avg.  24.1 us, Total. 916.5 us (0.0%)
[Performance] AudioImportPostProcessor.OnPostprocessAllAssets                                                                                              :       38 samples, Peak.   990 us (17.7x), Avg.  55.9 us, Total. 2.123 ms (0.0%)
[Performance] TMPro_TexturePostProcessor.OnPostprocessAllAssets                                                                                            :       38 samples, Peak.   314 us (10.1x), Avg.  31.0 us, Total. 1.178 ms (0.0%)
[Performance] AssetPostprocessor.OnPostprocessAllAssets                                                                                                    :       38 samples, Peak.   209 us (12.4x), Avg.  16.8 us, Total. 638.8 us (0.0%)
[Performance] BuilderAssetPostprocessor.OnPostprocessAllAssets                                                                                             :       38 samples, Peak.  2.71 ms (15.0x), Avg.   180 us, Total. 6.850 ms (0.0%)
[Performance] ArtifactBrowserPostProcessor.OnPostprocessAllAssets                                                                                          :       38 samples, Peak.   251 us (14.6x), Avg.  17.2 us, Total. 654.3 us (0.0%)
[Performance] AssetEvents.OnPostprocessAllAssets                                                                                                           :       76 samples, Peak.   365 us (22.3x), Avg.  16.4 us, Total. 1.244 ms (0.0%)
[Performance] AudioMixerPostprocessor.OnPostprocessAllAssets                                                                                               :       38 samples, Peak.   295 us (16.2x), Avg.  18.2 us, Total. 693.0 us (0.0%)
[Performance] StyleCatalogPostProcessor.OnPostprocessAllAssets                                                                                             :       38 samples, Peak.  21.7 ms (18.8x), Avg.  1.15 ms, Total. 43.80 ms (0.1%)
[Performance] BuildCatalog                                                                                                                                 :        1 samples, Peak.  20.8 ms (1.0x), Avg.  20.8 ms, Total. 20.75 ms (0.1%)
[Performance] ModelImporterPostProcessor.OnPostprocessAllAssets                                                                                            :       38 samples, Peak.  91.9 ms (16.1x), Avg.  5.72 ms, Total. 217.4 ms (0.7%)
[Performance] MaterialPostprocessor.OnPostprocessAllAssets                                                                                                 :       76 samples, Peak.  2.00 ms (3.6x), Avg.   555 us, Total. 42.21 ms (0.1%)
[Performance] RetainedModeAssetPostprocessor.OnPostprocessAllAssets                                                                                        :       38 samples, Peak.  1.56 ms (15.7x), Avg.  99.6 us, Total. 3.786 ms (0.0%)
[Performance] AssetChangedListener.OnPostprocessAllAssets                                                                                                  :       38 samples, Peak.  1.28 ms (11.6x), Avg.   110 us, Total. 4.180 ms (0.0%)
[Performance] PostProcessor.OnPostprocessAllAssets                                                                                                         :       38 samples, Peak.   231 us (7.9x), Avg.  29.2 us, Total. 1.110 ms (0.0%)
[Performance] ShaderGraphAssetPostProcessor.OnPostprocessAllAssets                                                                                         :       38 samples, Peak.  1.32 ms (10.4x), Avg.   128 us, Total. 4.854 ms (0.0%)
[Performance] SpeedTreePostProcessor.OnPostprocessAllAssets                                                                                                :       38 samples, Peak.   146 us (9.5x), Avg.  15.4 us, Total. 585.3 us (0.0%)
[Performance] TextAssetPostProcessor.OnPostprocessAllAssets                                                                                                :       38 samples, Peak.   274 us (13.1x), Avg.  20.9 us, Total. 794.3 us (0.0%)
[Performance] AssetCallbacks.OnPostprocessAllAssets                                                                                                        :       38 samples, Peak.   101 ms (19.0x), Avg.  5.34 ms, Total. 203.1 ms (0.6%)
[Performance] SyncVS.PostprocessSyncProject                                                                                                                :       19 samples, Peak.   159 ms (18.7x), Avg.  8.50 ms, Total. 161.5 ms (0.5%)
[Performance] EditorApplication.projectChanged: UnityEditor.Audio.MixerEffectDefinitionReloader.OnProjectChanged                                           :       17 samples, Peak.   627 us (1.5x), Avg.   421 us, Total. 7.153 ms (0.0%)
[Performance] EditorApplication.projectChanged: UnityEngine.InputSystem.LowLevel.NativeInputRuntime.OnProjectChanged                                       :       17 samples, Peak.   262 us (13.3x), Avg.  19.7 us, Total. 335.5 us (0.0%)
[Performance] Selection.selectionChanged: UnityEditor.PackageManager.UI.Internal.SelectionProxy.OnSelectionChanged                                         :        2 samples, Peak.   682 us (2.0x), Avg.   346 us, Total. 691.0 us (0.0%)
[Performance] Selection.selectionChanged: UnityEditorInternal.EditMode.OnSelectionChange                                                                   :        2 samples, Peak.   256 us (2.0x), Avg.   128 us, Total. 256.6 us (0.0%)
[Performance] Selection.selectionChanged: UnityEditor.ProBuilder.MeshSelection.OnObjectSelectionChanged                                                    :        2 samples, Peak.  7.50 us (1.2x), Avg.  6.30 us, Total. 12.60 us (0.0%)
[Performance] Application.ImportPackagesAndSetTemplateWhenCreatingProject                                                                                  :        1 samples, Peak.  13.1 ms (1.0x), Avg.  13.1 ms, Total. 13.08 ms (0.0%)
[Performance] Application.SyncCurrentColorSpace                                                                                                            :        1 samples, Peak.   154 ms (1.0x), Avg.   154 ms, Total. 153.9 ms (0.5%)
[Performance] Application.OnUsbDevicesChanged                                                                                                              :        1 samples, Peak.  1.41 ms (1.0x), Avg.  1.41 ms, Total. 1.415 ms (0.0%)
[Performance] Application.AssetInstanceCacheUpdate                                                                                                         :        1 samples, Peak.   200 ns (1.0x), Avg.   200 ns, Total. 200.0 ns (0.0%)
[Performance] Application.UnityExtensions.Initialize                                                                                                       :        1 samples, Peak.  7.47 ms (1.0x), Avg.  7.47 ms, Total. 7.472 ms (0.0%)
[Performance] CodeEditorProjectSync.SyncEditorProject                                                                                                      :        1 samples, Peak.   313 ms (1.0x), Avg.   313 ms, Total. 313.2 ms (1.0%)
[Performance] Application.ExecuteStartups                                                                                                                  :        1 samples, Peak.  91.5 ms (1.0x), Avg.  91.5 ms, Total. 91.47 ms (0.3%)
[Performance] Menu.RegisterMenuInterface                                                                                                                   :       26 samples, Peak.  2.40 us (7.7x), Avg.   312 ns, Total. 8.100 us (0.0%)
[Performance] Gizmo.RebuildRenderers                                                                                                                       :        1 samples, Peak.  87.0 ms (1.0x), Avg.  87.0 ms, Total. 87.04 ms (0.3%)
[Performance] Gizmo.AddGizmoRenderers                                                                                                                      :      155 samples, Peak.  1.47 ms (81.1x), Avg.  18.1 us, Total. 2.802 ms (0.0%)
[Performance] Application.editorInitializingProject                                                                                                        :        1 samples, Peak.  80.2 ms (1.0x), Avg.  80.2 ms, Total. 80.17 ms (0.2%)
[Performance] Application.InitializeMenu                                                                                                                   :        1 samples, Peak.  89.6 ms (1.0x), Avg.  89.6 ms, Total. 89.60 ms (0.3%)
[Performance] Menu.RebuildAll                                                                                                                              :        1 samples, Peak.  89.6 ms (1.0x), Avg.  89.6 ms, Total. 89.60 ms (0.3%)
[Performance] Menu.BuildRegisteredMenuInterfaces                                                                                                           :        1 samples, Peak.  83.7 ms (1.0x), Avg.  83.7 ms, Total. 83.70 ms (0.3%)
[Performance] Menu.FilterMenuItem                                                                                                                          :     1571 samples, Peak.  19.1 ms (1528.9x), Avg.  12.5 us, Total. 19.63 ms (0.1%)
[Performance] UpdateAllMenus                                                                                                                               :        1 samples, Peak.   925 us (1.0x), Avg.   925 us, Total. 924.9 us (0.0%)
[Performance] Menu.RebuildOSMainMenu                                                                                                                       :        2 samples, Peak.  4.88 ms (1.0x), Avg.  4.71 ms, Total. 9.424 ms (0.0%)
[Performance] EditorSceneManager.sceneClosing: UnityEditor.SceneVisibilityManager.EditorSceneManagerOnSceneClosing                                         :        2 samples, Peak.   436 us (2.0x), Avg.   220 us, Total. 440.8 us (0.0%)
[Performance] GUIView.RepaintAll.PlayerLoopController                                                                                                      :        1 samples, Peak.  1.60 us (1.0x), Avg.  1.60 us, Total. 1.600 us (0.0%)
[Performance] EditorSceneManager.newSceneCreated: UnityEditor.SceneTemplate.SceneTemplateService.OnNewSceneCreated                                         :        1 samples, Peak.   270 us (1.0x), Avg.   270 us, Total. 270.0 us (0.0%)
[Performance] EditorSceneManager.newSceneCreated: UnityEditor.SceneVisibilityManager.EditorSceneManagerOnNewSceneCreated                                   :        1 samples, Peak.   393 us (1.0x), Avg.   393 us, Total. 393.0 us (0.0%)
[Performance] EditorSceneManager.newSceneCreated: UnityEditor.SceneManagement.StageNavigationManager.OnNewSceneCreated                                     :        1 samples, Peak.  74.3 us (1.0x), Avg.  74.3 us, Total. 74.30 us (0.0%)
[Performance] Application.InvokeFinishedLoadingProject                                                                                                     :        1 samples, Peak.  16.3 ms (1.0x), Avg.  16.3 ms, Total. 16.29 ms (0.0%)
[Performance] ProcessService.OnProjectLoaded                                                                                                               :        1 samples, Peak.  56.3 us (1.0x), Avg.  56.3 us, Total. 56.30 us (0.0%)
[Performance] AssetDatabase.Refresh                                                                                                                        :        1 samples, Peak.  50.5 ms (1.0x), Avg.  50.5 ms, Total. 50.53 ms (0.2%)
[Performance] AssetDatabase.ImportAsset                                                                                                                    :        2 samples, Peak.   160 ms (1.3x), Avg.   121 ms, Total. 242.0 ms (0.7%)
[Performance] MaterialModificationProcessor.OnWillCreateAsset                                                                                              :       64 samples, Peak.   312 us (16.5x), Avg.  19.0 us, Total. 1.214 ms (0.0%)
[Performance] EditorSceneManager.sceneOpening: UnityEditor.SceneVisibilityManager.EditorSceneManagerOnSceneOpening                                         :        1 samples, Peak.   336 us (1.0x), Avg.   336 us, Total. 336.0 us (0.0%)
[Performance] Inspector.InitOrRebuild                                                                                                                      :        1 samples, Peak.   694 us (1.0x), Avg.   694 us, Total. 694.0 us (0.0%)
[Performance] EditorSceneManager.sceneOpened: callback in Oculus.Interaction.Editor.UnityObjectAddedBroadcaster                                            :        1 samples, Peak.  47.8 ms (1.0x), Avg.  47.8 ms, Total. 47.84 ms (0.1%)
[Performance] EditorSceneManager.sceneOpened: OVRProjectSetupUpdater.OnEditorSceneManagerSceneOpened                                                       :        1 samples, Peak.  4.58 ms (1.0x), Avg.  4.58 ms, Total. 4.584 ms (0.0%)
[Performance] EditorSceneManager.sceneOpened: UnityEditor.SceneTemplate.SceneTemplateService.OnSceneOpened                                                 :        1 samples, Peak.   131 us (1.0x), Avg.   131 us, Total. 131.1 us (0.0%)
[Performance] EditorSceneManager.sceneOpened: UnityEditor.SceneVisibilityManager.EditorSceneManagerOnSceneOpened                                           :        1 samples, Peak.  96.7 us (1.0x), Avg.  96.7 us, Total. 96.70 us (0.0%)
[Performance] EditorSceneManager.sceneOpened: UnityEditor.SceneManagement.StageNavigationManager.OnSceneOpened                                             :        1 samples, Peak.  45.2 us (1.0x), Avg.  45.2 us, Total. 45.20 us (0.0%)
[Performance] EditorSceneManager.sceneSaving: UnityEditor.SceneTemplate.SceneTemplateService.OnSceneSaving                                                 :        1 samples, Peak.   261 us (1.0x), Avg.   261 us, Total. 261.4 us (0.0%)
[Performance] EditorSceneManager.sceneSaving: UnityEditor.SceneVisibilityManager.EditorSceneManagerOnSceneSaving                                           :        1 samples, Peak.   113 us (1.0x), Avg.   113 us, Total. 112.8 us (0.0%)
[Performance] EditorSceneManager.sceneSaved: UnityEditor.SceneTemplate.SceneTemplateService.OnSceneSaved                                                   :        1 samples, Peak.  98.8 ms (1.0x), Avg.  98.8 ms, Total. 98.79 ms (0.3%)
[Performance] EditorSceneManager.sceneSaved: UnityEditor.SceneVisibilityManager.EditorSceneManagerOnSceneSaved                                             :        1 samples, Peak.   368 us (1.0x), Avg.   368 us, Total. 367.8 us (0.0%)
[Performance] EditorApplication.quitting: Unity.Burst.Editor.BurstLoader.OnEditorApplicationQuitting                                                       :        1 samples, Peak.   135 us (1.0x), Avg.   135 us, Total. 135.4 us (0.0%)
[Performance] EditorApplication.quitting: UnityEditor.SettingsManagement.FileSettingsRepository.Save                                                       :        2 samples, Peak.  3.38 ms (1.2x), Avg.  2.79 ms, Total. 5.577 ms (0.0%)
[Performance] EditorApplication.quitting: OVRPlugin.OnEditorShutdown                                                                                       :        1 samples, Peak.  5.69 ms (1.0x), Avg.  5.69 ms, Total. 5.694 ms (0.0%)
[Performance] EditorApplication.quitting: UnityEditor.ProBuilder.ProBuilderSettings.Save                                                                   :        1 samples, Peak.  1.38 ms (1.0x), Avg.  1.38 ms, Total. 1.385 ms (0.0%)
[Performance] EditorApplication.quitting: callback in UnityEditor.TextCore.Text.EditorEventCallbacks                                                       :        1 samples, Peak.  39.5 ms (1.0x), Avg.  39.5 ms, Total. 39.46 ms (0.1%)
[Performance] Application.Shutdown.PauseProfilerSession                                                                                                    :        1 samples, Peak.   958 us (1.0x), Avg.   958 us, Total. 958.2 us (0.0%)
[Performance] Application.Shutdown.PauseAssetImportWorkers                                                                                                 :        1 samples, Peak.   834 us (1.0x), Avg.   834 us, Total. 833.7 us (0.0%)
[Performance] Application.Shutdown.SaveAssets                                                                                                              :        1 samples, Peak.  13.7 ms (1.0x), Avg.  13.7 ms, Total. 13.67 ms (0.0%)
[Performance] Application.Shutdown.CleanupRenderPipeline                                                                                                   :        1 samples, Peak.  23.9 us (1.0x), Avg.  23.9 us, Total. 23.90 us (0.0%)
[Performance] Application.Shutdown.StopPreloadManager                                                                                                      :        1 samples, Peak.  9.84 ms (1.0x), Avg.  9.84 ms, Total. 9.842 ms (0.0%)
[Performance] Application.Shutdown.DestroyWorld                                                                                                            :        1 samples, Peak.   204 ms (1.0x), Avg.   204 ms, Total. 203.8 ms (0.6%)
[Performance] Application.Shutdown.CleanupAfterLoad                                                                                                        :        1 samples, Peak.   208 ms (1.0x), Avg.   208 ms, Total. 208.0 ms (0.6%)
[Performance] Application.Shutdown.Progress                                                                                                                :        1 samples, Peak.  8.60 us (1.0x), Avg.  8.60 us, Total. 8.600 us (0.0%)
[Performance] Application.Shutdown.GICleanupManagers                                                                                                       :        1 samples, Peak.  5.07 ms (1.0x), Avg.  5.07 ms, Total. 5.068 ms (0.0%)
[Performance] Application.Shutdown.MenuCleanupClass                                                                                                        :        1 samples, Peak.   730 us (1.0x), Avg.   730 us, Total. 729.9 us (0.0%)
[Performance] Application.Shutdown.ADBSaveStateBeforeShutdown                                                                                              :        1 samples, Peak.  26.5 us (1.0x), Avg.  26.5 us, Total. 26.50 us (0.0%)
[Performance] Application.Shutdown.RemoteShutdown                                                                                                          :        1 samples, Peak.  1.10 us (1.0x), Avg.  1.10 us, Total. 1.100 us (0.0%)
[Performance] Application.Shutdown.CleanupVCProvider                                                                                                       :        1 samples, Peak.   272 us (1.0x), Avg.   272 us, Total. 272.4 us (0.0%)
[Performance] Application.Shutdown.InputShutdown                                                                                                           :        1 samples, Peak.   500 ns (1.0x), Avg.   500 ns, Total. 500.0 ns (0.0%)
[Performance] Application.Shutdown.GizmoManagerDestroy                                                                                                     :        1 samples, Peak.   960 us (1.0x), Avg.   960 us, Total. 960.2 us (0.0%)
[Performance] Application.Shutdown.ProfilerSession                                                                                                         :        1 samples, Peak.   469 us (1.0x), Avg.   469 us, Total. 469.2 us (0.0%)
[Performance] Application.Shutdown.ReleaseGfxWindowOnAllGUIViews                                                                                           :        1 samples, Peak.   211 us (1.0x), Avg.   211 us, Total. 210.8 us (0.0%)
[Performance] Application.Shutdown.CleanupEngine                                                                                                           :        1 samples, Peak.  4.44 s (1.0x), Avg.  4.44 s, Total. 4.440 s (13.6%)
[Performance] Application.Shutdown.CleanupAssetDatabase                                                                                                    :        1 samples, Peak.  26.2 ms (1.0x), Avg.  26.2 ms, Total. 26.20 ms (0.1%)
[Performance] Application.Shutdown.ScriptCompilationCleanUp                                                                                                :        1 samples, Peak.  15.4 ms (1.0x), Avg.  15.4 ms, Total. 15.39 ms (0.0%)
[Performance] Application.Shutdown.DestroyJobSystem                                                                                                        :        1 samples, Peak.  90.7 us (1.0x), Avg.  90.7 us, Total. 90.70 us (0.0%)
[Performance] Application.Shutdown.CleanupPersistentManager                                                                                                :        1 samples, Peak.  9.84 ms (1.0x), Avg.  9.84 ms, Total. 9.836 ms (0.0%)
[Performance] Application.Shutdown.CleanupAsyncReadManager                                                                                                 :        1 samples, Peak.  3.43 ms (1.0x), Avg.  3.43 ms, Total. 3.430 ms (0.0%)
[Performance] Application.Shutdown.CleanupProgressBar                                                                                                      :        1 samples, Peak.   800 ns (1.0x), Avg.   800 ns, Total. 800.0 ns (0.0%)
[Performance] Application.Shutdown.CleanupMono                                                                                                             :        1 samples, Peak.   208 ms (1.0x), Avg.   208 ms, Total. 208.3 ms (0.6%)
[Performance] Application.Shutdown.CleanupStdConverters                                                                                                    :        1 samples, Peak.  10.5 us (1.0x), Avg.  10.5 us, Total. 10.50 us (0.0%)
[Performance] Application.Shutdown.UnloadAllPlatformSupportModuleNativeDlls                                                                                :        1 samples, Peak.   800 ns (1.0x), Avg.   800 ns, Total. 800.0 ns (0.0%)
[Performance] Application.Shutdown.UnloadAllPlatformSupportNativeLibraries                                                                                 :        1 samples, Peak. 0.0 (-nan(ind)x), Avg. 0.0, Total. 0.0 (0.0%)
[Performance] Application.Shutdown.CleanupAutoDocumentation                                                                                                :        1 samples, Peak.   464 us (1.0x), Avg.   464 us, Total. 463.9 us (0.0%)
[Performance] Application.Shutdown.ShaderNameManagerDestroy                                                                                                :        1 samples, Peak.  58.4 us (1.0x), Avg.  58.4 us, Total. 58.40 us (0.0%)
[Performance] Application.Shutdown.CleanupCacheServer                                                                                                      :        1 samples, Peak.   200 ns (1.0x), Avg.   200 ns, Total. 200.0 ns (0.0%)
[Performance] Application.Shutdown.Virtualization_Shutdown                                                                                                 :        1 samples, Peak.   300 ns (1.0x), Avg.   300 ns, Total. 300.0 ns (0.0%)
[Performance] Application.Shutdown.DevConnections                                                                                                          :        1 samples, Peak.   181 us (1.0x), Avg.   181 us, Total. 181.1 us (0.0%)
Exiting batchmode successfully now!
Exiting without the bug reporter. Application will terminate with return code 0