[Licensing::Module] Trying to connect to existing licensing client channel...
[Licensing::IpcConnector] Connection attempt to the License Client on channel: "LicenseClient-nguoiktay" failed because channel doesn't exist; code: "0x80000002"
[Licensing::Module] Successfully launched the LicensingClient (PId: 12316)
[Licensing::IpcConnector] Successfully connected to the License Client on channel: "LicenseClient-nguoiktay"
[Licensing::Client] Handshaking with LicensingClient:
  Version:                 1.12.1+9338cad
  Session Id:              7bfe5e4a36f041e99c9ef825c62eca02
  Correlation Id:          1bf78d12c64db190cc5c98f1b6b974aa
  External correlation Id: 5416912160074600554
  Machine Id:              83sQP1oGRp38ZSo7TIrSHxoORa0=
[Licensing::Module] Successfully connected to LicensingClient on channel: "LicenseClient-nguoiktay" (connect: 0.58s, validation: 0.04s, handshake: 1.02s)
[Licensing::IpcConnector] Successfully connected to the License Notification on channel: "LicenseClient-nguoiktay-notifications"
[Licensing::Module] Connected to LicensingClient (PId: 12316, launch time: 0.00, total connection time: 1.65s)
[Licensing::Module] Error: Access token is unavailable; failed to update
[Licensing::Client] Error: Code 500 while processing request (status: Unable to update licenses. Errors: No ULF license found.,Token not found in cache)
[Licensing::Client] Error: Code 500 while updating license in client (status: Unable to update licenses. Errors: No ULF license found.,Token not found in cache)
Built from '2022.3/release' branch; Version is '2022.3.5f1 (9674261d40ee) revision 9860134'; Using compiler version '192829333'; Build Type 'Release'
OS: 'Windows 11  (10.0.26200) 64bit CoreSingleLanguage' Language: 'en' Physical Memory: 16147 MB
[Licensing::Client] Successfully resolved entitlements
[Licensing::Module] Serial number assigned to: "18968385848521-UnityPersXXXX"
BatchMode: 1, IsHumanControllingUs: 0, StartBugReporterOnCrash: 0, Is64bit: 1, IsPro: 0

COMMAND LINE ARGUMENTS:
C:\Program Files\Unity\Hub\Editor\2022.3.5f1\Editor\Unity.exe
-batchmode
-projectPath
d:\HoanKiemAirVR-Unity-main\HoanKiemAirVR-Unity-main
-executeMethod
HoanKiemAirVR.Editor.HoanKiemStreetEnvironmentSetup.UpgradeAllScene
-logFile
unity_upgrade.log
Successfully changed project path to: d:\HoanKiemAirVR-Unity-main\HoanKiemAirVR-Unity-main
D:/HoanKiemAirVR-Unity-main/HoanKiemAirVR-Unity-main
[UnityMemory] Configuration Parameters - Can be set up in boot.config
    "memorysetup-bucket-allocator-granularity=16"
    "memorysetup-bucket-allocator-bucket-count=8"
    "memorysetup-bucket-allocator-block-size=33554432"
    "memorysetup-bucket-allocator-block-count=8"
    "memorysetup-main-allocator-block-size=16777216"
    "memorysetup-thread-allocator-block-size=16777216"
    "memorysetup-gfx-main-allocator-block-size=16777216"
    "memorysetup-gfx-thread-allocator-block-size=16777216"
    "memorysetup-cache-allocator-block-size=4194304"
    "memorysetup-typetree-allocator-block-size=2097152"
    "memorysetup-profiler-bucket-allocator-granularity=16"
    "memorysetup-profiler-bucket-allocator-bucket-count=8"
    "memorysetup-profiler-bucket-allocator-block-size=33554432"
    "memorysetup-profiler-bucket-allocator-block-count=8"
    "memorysetup-profiler-allocator-block-size=16777216"
    "memorysetup-profiler-editor-allocator-block-size=1048576"
    "memorysetup-temp-allocator-size-main=16777216"
    "memorysetup-job-temp-allocator-block-size=2097152"
    "memorysetup-job-temp-allocator-block-size-background=1048576"
    "memorysetup-job-temp-allocator-reduction-small-platforms=262144"
    "memorysetup-allocator-temp-initial-block-size-main=262144"
    "memorysetup-allocator-temp-initial-block-size-worker=262144"
    "memorysetup-temp-allocator-size-background-worker=32768"
    "memorysetup-temp-allocator-size-job-worker=262144"
    "memorysetup-temp-allocator-size-preload-manager=33554432"
    "memorysetup-temp-allocator-size-nav-mesh-worker=65536"
    "memorysetup-temp-allocator-size-audio-worker=65536"
    "memorysetup-temp-allocator-size-cloud-worker=32768"
    "memorysetup-temp-allocator-size-gi-baking-worker=262144"
    "memorysetup-temp-allocator-size-gfx=262144"
Player connection [23832] Host "[IP] 192.168.92.1 [Port] 55496 [Flags] 2 [Guid] 3626903058 [EditorId] 3626903058 [Version] 1048832 [Id] WindowsEditor(7,171A84E3AF2FD73) [Debug] 1 [PackageName] WindowsEditor [ProjectName] Editor" joined multi-casting on [225.0.0.222:54997]...

Player connection [23832] Host "[IP] 192.168.92.1 [Port] 55496 [Flags] 2 [Guid] 3626903058 [EditorId] 3626903058 [Version] 1048832 [Id] WindowsEditor(7,171A84E3AF2FD73) [Debug] 1 [PackageName] WindowsEditor [ProjectName] Editor" joined alternative multi-casting on [225.0.0.222:34997]...

[Package Manager] UpmClient::Connect -- Connected to IPC stream "Upm-16704" after 0.3 seconds.
[Licensing::Client] Successfully resolved entitlements
[Package Manager] Restoring resolved packages state from cache
[Licensing::Client] Successfully resolved entitlement details
[Package Manager] Registered 61 packages:
  Packages from [https://packages.unity.com]:
    com.unity.collab-proxy@2.0.5 (location: D:\HoanKiemAirVR-Unity-main\HoanKiemAirVR-Unity-main\Library\PackageCache\com.unity.collab-proxy@2.0.5)
    com.unity.nuget.newtonsoft-json@3.0.1 (location: D:\HoanKiemAirVR-Unity-main\HoanKiemAirVR-Unity-main\Library\PackageCache\com.unity.nuget.newtonsoft-json@3.0.1)
    com.unity.probuilder@5.1.1 (location: D:\HoanKiemAirVR-Unity-main\HoanKiemAirVR-Unity-main\Library\PackageCache\com.unity.probuilder@5.1.1)
    com.unity.textmeshpro@3.0.6 (location: D:\HoanKiemAirVR-Unity-main\HoanKiemAirVR-Unity-main\Library\PackageCache\com.unity.textmeshpro@3.0.6)
    com.unity.timeline@1.7.5 (location: D:\HoanKiemAirVR-Unity-main\HoanKiemAirVR-Unity-main\Library\PackageCache\com.unity.timeline@1.7.5)
    com.unity.visualscripting@1.8.0 (location: D:\HoanKiemAirVR-Unity-main\HoanKiemAirVR-Unity-main\Library\PackageCache\com.unity.visualscripting@1.8.0)
    com.unity.xr.interaction.toolkit@2.4.3 (location: D:\HoanKiemAirVR-Unity-main\HoanKiemAirVR-Unity-main\Library\PackageCache\com.unity.xr.interaction.toolkit@2.4.3)
    com.unity.xr.oculus@4.0.0 (location: D:\HoanKiemAirVR-Unity-main\HoanKiemAirVR-Unity-main\Library\PackageCache\com.unity.xr.oculus@4.0.0)
    com.unity.xr.management@4.3.3 (location: D:\HoanKiemAirVR-Unity-main\HoanKiemAirVR-Unity-main\Library\PackageCache\com.unity.xr.management@4.3.3)
    com.unity.inputsystem@1.6.1 (location: D:\HoanKiemAirVR-Unity-main\HoanKiemAirVR-Unity-main\Library\PackageCache\com.unity.inputsystem@1.6.1)
    com.unity.mathematics@1.2.6 (location: D:\HoanKiemAirVR-Unity-main\HoanKiemAirVR-Unity-main\Library\PackageCache\com.unity.mathematics@1.2.6)
    com.unity.xr.core-utils@2.2.1 (location: D:\HoanKiemAirVR-Unity-main\HoanKiemAirVR-Unity-main\Library\PackageCache\com.unity.xr.core-utils@2.2.1)
    com.unity.xr.legacyinputhelpers@2.1.10 (location: D:\HoanKiemAirVR-Unity-main\HoanKiemAirVR-Unity-main\Library\PackageCache\com.unity.xr.legacyinputhelpers@2.1.10)
    com.unity.burst@1.8.7 (location: D:\HoanKiemAirVR-Unity-main\HoanKiemAirVR-Unity-main\Library\PackageCache\com.unity.burst@1.8.7)
    com.unity.settings-manager@2.0.1 (location: D:\HoanKiemAirVR-Unity-main\HoanKiemAirVR-Unity-main\Library\PackageCache\com.unity.settings-manager@2.0.1)
    com.unity.ide.visualstudio@2.0.18 (location: D:\HoanKiemAirVR-Unity-main\HoanKiemAirVR-Unity-main\Library\PackageCache\com.unity.ide.visualstudio@2.0.18)
    com.unity.ide.rider@3.0.24 (location: D:\HoanKiemAirVR-Unity-main\HoanKiemAirVR-Unity-main\Library\PackageCache\com.unity.ide.rider@3.0.24)
    com.unity.ide.vscode@1.2.5 (location: D:\HoanKiemAirVR-Unity-main\HoanKiemAirVR-Unity-main\Library\PackageCache\com.unity.ide.vscode@1.2.5)
    com.unity.editorcoroutines@1.0.0 (location: D:\HoanKiemAirVR-Unity-main\HoanKiemAirVR-Unity-main\Library\PackageCache\com.unity.editorcoroutines@1.0.0)
    com.unity.performance.profile-analyzer@1.2.2 (location: D:\HoanKiemAirVR-Unity-main\HoanKiemAirVR-Unity-main\Library\PackageCache\com.unity.performance.profile-analyzer@1.2.2)
    com.unity.test-framework@1.1.33 (location: D:\HoanKiemAirVR-Unity-main\HoanKiemAirVR-Unity-main\Library\PackageCache\com.unity.test-framework@1.1.33)
    com.unity.testtools.codecoverage@1.2.4 (location: D:\HoanKiemAirVR-Unity-main\HoanKiemAirVR-Unity-main\Library\PackageCache\com.unity.testtools.codecoverage@1.2.4)
    com.unity.searcher@4.9.2 (location: D:\HoanKiemAirVR-Unity-main\HoanKiemAirVR-Unity-main\Library\PackageCache\com.unity.searcher@4.9.2)
    com.unity.ext.nunit@1.0.6 (location: D:\HoanKiemAirVR-Unity-main\HoanKiemAirVR-Unity-main\Library\PackageCache\com.unity.ext.nunit@1.0.6)
  Built-in packages:
    com.unity.feature.development@1.0.1 (location: D:\HoanKiemAirVR-Unity-main\HoanKiemAirVR-Unity-main\Library\PackageCache\com.unity.feature.development@1.0.1)
    com.unity.render-pipelines.universal@14.0.8 (location: D:\HoanKiemAirVR-Unity-main\HoanKiemAirVR-Unity-main\Library\PackageCache\com.unity.render-pipelines.universal@14.0.8)
    com.unity.ugui@1.0.0 (location: D:\HoanKiemAirVR-Unity-main\HoanKiemAirVR-Unity-main\Library\PackageCache\com.unity.ugui@1.0.0)
    com.unity.modules.ai@1.0.0 (location: D:\HoanKiemAirVR-Unity-main\HoanKiemAirVR-Unity-main\Library\PackageCache\com.unity.modules.ai@1.0.0)
    com.unity.modules.androidjni@1.0.0 (location: D:\HoanKiemAirVR-Unity-main\HoanKiemAirVR-Unity-main\Library\PackageCache\com.unity.modules.androidjni@1.0.0)
    com.unity.modules.animation@1.0.0 (location: D:\HoanKiemAirVR-Unity-main\HoanKiemAirVR-Unity-main\Library\PackageCache\com.unity.modules.animation@1.0.0)
    com.unity.modules.assetbundle@1.0.0 (location: D:\HoanKiemAirVR-Unity-main\HoanKiemAirVR-Unity-main\Library\PackageCache\com.unity.modules.assetbundle@1.0.0)
    com.unity.modules.audio@1.0.0 (location: D:\HoanKiemAirVR-Unity-main\HoanKiemAirVR-Unity-main\Library\PackageCache\com.unity.modules.audio@1.0.0)
    com.unity.modules.cloth@1.0.0 (location: D:\HoanKiemAirVR-Unity-main\HoanKiemAirVR-Unity-main\Library\PackageCache\com.unity.modules.cloth@1.0.0)
    com.unity.modules.director@1.0.0 (location: D:\HoanKiemAirVR-Unity-main\HoanKiemAirVR-Unity-main\Library\PackageCache\com.unity.modules.director@1.0.0)
    com.unity.modules.imageconversion@1.0.0 (location: D:\HoanKiemAirVR-Unity-main\HoanKiemAirVR-Unity-main\Library\PackageCache\com.unity.modules.imageconversion@1.0.0)
    com.unity.modules.imgui@1.0.0 (location: D:\HoanKiemAirVR-Unity-main\HoanKiemAirVR-Unity-main\Library\PackageCache\com.unity.modules.imgui@1.0.0)
    com.unity.modules.jsonserialize@1.0.0 (location: D:\HoanKiemAirVR-Unity-main\HoanKiemAirVR-Unity-main\Library\PackageCache\com.unity.modules.jsonserialize@1.0.0)
    com.unity.modules.particlesystem@1.0.0 (location: D:\HoanKiemAirVR-Unity-main\HoanKiemAirVR-Unity-main\Library\PackageCache\com.unity.modules.particlesystem@1.0.0)
    com.unity.modules.physics@1.0.0 (location: D:\HoanKiemAirVR-Unity-main\HoanKiemAirVR-Unity-main\Library\PackageCache\com.unity.modules.physics@1.0.0)
    com.unity.modules.physics2d@1.0.0 (location: D:\HoanKiemAirVR-Unity-main\HoanKiemAirVR-Unity-main\Library\PackageCache\com.unity.modules.physics2d@1.0.0)
    com.unity.modules.screencapture@1.0.0 (location: D:\HoanKiemAirVR-Unity-main\HoanKiemAirVR-Unity-main\Library\PackageCache\com.unity.modules.screencapture@1.0.0)
    com.unity.modules.terrain@1.0.0 (location: D:\HoanKiemAirVR-Unity-main\HoanKiemAirVR-Unity-main\Library\PackageCache\com.unity.modules.terrain@1.0.0)
    com.unity.modules.terrainphysics@1.0.0 (location: D:\HoanKiemAirVR-Unity-main\HoanKiemAirVR-Unity-main\Library\PackageCache\com.unity.modules.terrainphysics@1.0.0)
    com.unity.modules.tilemap@1.0.0 (location: D:\HoanKiemAirVR-Unity-main\HoanKiemAirVR-Unity-main\Library\PackageCache\com.unity.modules.tilemap@1.0.0)
    com.unity.modules.ui@1.0.0 (location: D:\HoanKiemAirVR-Unity-main\HoanKiemAirVR-Unity-main\Library\PackageCache\com.unity.modules.ui@1.0.0)
    com.unity.modules.uielements@1.0.0 (location: D:\HoanKiemAirVR-Unity-main\HoanKiemAirVR-Unity-main\Library\PackageCache\com.unity.modules.uielements@1.0.0)
    com.unity.modules.umbra@1.0.0 (location: D:\HoanKiemAirVR-Unity-main\HoanKiemAirVR-Unity-main\Library\PackageCache\com.unity.modules.umbra@1.0.0)
    com.unity.modules.unityanalytics@1.0.0 (location: D:\HoanKiemAirVR-Unity-main\HoanKiemAirVR-Unity-main\Library\PackageCache\com.unity.modules.unityanalytics@1.0.0)
    com.unity.modules.unitywebrequest@1.0.0 (location: D:\HoanKiemAirVR-Unity-main\HoanKiemAirVR-Unity-main\Library\PackageCache\com.unity.modules.unitywebrequest@1.0.0)
    com.unity.modules.unitywebrequestassetbundle@1.0.0 (location: D:\HoanKiemAirVR-Unity-main\HoanKiemAirVR-Unity-main\Library\PackageCache\com.unity.modules.unitywebrequestassetbundle@1.0.0)
    com.unity.modules.unitywebrequestaudio@1.0.0 (location: D:\HoanKiemAirVR-Unity-main\HoanKiemAirVR-Unity-main\Library\PackageCache\com.unity.modules.unitywebrequestaudio@1.0.0)
    com.unity.modules.unitywebrequesttexture@1.0.0 (location: D:\HoanKiemAirVR-Unity-main\HoanKiemAirVR-Unity-main\Library\PackageCache\com.unity.modules.unitywebrequesttexture@1.0.0)
    com.unity.modules.unitywebrequestwww@1.0.0 (location: D:\HoanKiemAirVR-Unity-main\HoanKiemAirVR-Unity-main\Library\PackageCache\com.unity.modules.unitywebrequestwww@1.0.0)
    com.unity.modules.vehicles@1.0.0 (location: D:\HoanKiemAirVR-Unity-main\HoanKiemAirVR-Unity-main\Library\PackageCache\com.unity.modules.vehicles@1.0.0)
    com.unity.modules.video@1.0.0 (location: D:\HoanKiemAirVR-Unity-main\HoanKiemAirVR-Unity-main\Library\PackageCache\com.unity.modules.video@1.0.0)
    com.unity.modules.vr@1.0.0 (location: D:\HoanKiemAirVR-Unity-main\HoanKiemAirVR-Unity-main\Library\PackageCache\com.unity.modules.vr@1.0.0)
    com.unity.modules.wind@1.0.0 (location: D:\HoanKiemAirVR-Unity-main\HoanKiemAirVR-Unity-main\Library\PackageCache\com.unity.modules.wind@1.0.0)
    com.unity.modules.xr@1.0.0 (location: D:\HoanKiemAirVR-Unity-main\HoanKiemAirVR-Unity-main\Library\PackageCache\com.unity.modules.xr@1.0.0)
    com.unity.modules.subsystems@1.0.0 (location: D:\HoanKiemAirVR-Unity-main\HoanKiemAirVR-Unity-main\Library\PackageCache\com.unity.modules.subsystems@1.0.0)
    com.unity.render-pipelines.core@14.0.8 (location: D:\HoanKiemAirVR-Unity-main\HoanKiemAirVR-Unity-main\Library\PackageCache\com.unity.render-pipelines.core@14.0.8)
    com.unity.shadergraph@14.0.8 (location: D:\HoanKiemAirVR-Unity-main\HoanKiemAirVR-Unity-main\Library\PackageCache\com.unity.shadergraph@14.0.8)
[Subsystems] Looking for new subsystems at path D:\HoanKiemAirVR-Unity-main\HoanKiemAirVR-Unity-main\Library\PackageCache\com.unity.xr.oculus@4.0.0
[Subsystems] Novel subsystem found at Library/PackageCache/com.unity.xr.oculus@4.0.0/Runtime/UnitySubsystemsManifest.json
[Subsystems] Discovering subsystems at path C:/Program Files/Unity/Hub/Editor/2022.3.5f1/Editor/Data/Resources/UnitySubsystems
[Subsystems] Discovering subsystems at path D:/HoanKiemAirVR-Unity-main/HoanKiemAirVR-Unity-main/Assets
[Subsystems] Discovering subsystems at path D:\HoanKiemAirVR-Unity-main\HoanKiemAirVR-Unity-main\Library\PackageCache\com.unity.xr.oculus@4.0.0
[Subsystems] No descriptors matched for  examples in Library/PackageCache/com.unity.xr.oculus@4.0.0/Runtime/UnitySubsystemsManifest.json.
[Subsystems] 1 'inputs' descriptors matched in Library/PackageCache/com.unity.xr.oculus@4.0.0/Runtime/UnitySubsystemsManifest.json
[Subsystems] 1 'displays' descriptors matched in Library/PackageCache/com.unity.xr.oculus@4.0.0/Runtime/UnitySubsystemsManifest.json
[Subsystems] No descriptors matched for  meshings in Library/PackageCache/com.unity.xr.oculus@4.0.0/Runtime/UnitySubsystemsManifest.json.
Package Manager log level set to [2]
[Package Manager] Done registering packages in 0.49 seconds
Refreshing native plugins compatible for Editor in 12.55 ms, found 9 plugins.
Preloading 2 native plugins for Editor in 3.56 ms.
Initialize engine version: 2022.3.5f1 (9674261d40ee)
[Subsystems] Discovering subsystems at path C:/Program Files/Unity/Hub/Editor/2022.3.5f1/Editor/Data/Resources/UnitySubsystems
[Subsystems] Discovering subsystems at path D:/HoanKiemAirVR-Unity-main/HoanKiemAirVR-Unity-main/Assets
[Subsystems] Discovering subsystems at path D:\HoanKiemAirVR-Unity-main\HoanKiemAirVR-Unity-main\Library\PackageCache\com.unity.xr.oculus@4.0.0
[Subsystems] No descriptors matched for  examples in Library/PackageCache/com.unity.xr.oculus@4.0.0/Runtime/UnitySubsystemsManifest.json.
[Subsystems] 1 'inputs' descriptors matched in Library/PackageCache/com.unity.xr.oculus@4.0.0/Runtime/UnitySubsystemsManifest.json
[Subsystems] 1 'displays' descriptors matched in Library/PackageCache/com.unity.xr.oculus@4.0.0/Runtime/UnitySubsystemsManifest.json
[Subsystems] No descriptors matched for  meshings in Library/PackageCache/com.unity.xr.oculus@4.0.0/Runtime/UnitySubsystemsManifest.json.
GfxDevice: creating device client; threaded=0; jobified=0
Direct3D:
    Version:  Direct3D 11.0 [level 11.1]
    Renderer: NVIDIA GeForce RTX 3050 Laptop GPU (ID=0x25a2)
    Vendor:   NVIDIA
    VRAM:     3962 MB
    Driver:   32.0.16.1062
Shader 'Oculus/OVRMRCameraFrameLit': fallback shader 'Alpha-Diffuse' not found
[Licensing::Client] Successfully resolved entitlements
Initialize mono
Mono path[0] = 'C:/Program Files/Unity/Hub/Editor/2022.3.5f1/Editor/Data/Managed'
Mono path[1] = 'C:/Program Files/Unity/Hub/Editor/2022.3.5f1/Editor/Data/MonoBleedingEdge/lib/mono/unityjit-win32'
Mono config path = 'C:/Program Files/Unity/Hub/Editor/2022.3.5f1/Editor/Data/MonoBleedingEdge/etc'
Using monoOptions --debugger-agent=transport=dt_socket,embedding=1,server=y,suspend=n,address=127.0.0.1:56704
Using cacheserver namespaces - metadata:defaultmetadata, artifacts:defaultartifacts
Using cacheserver namespaces - metadata:defaultmetadata, artifacts:defaultartifacts
ImportWorker Server TCP listen port: 0
Begin MonoManager ReloadAssembly
Registering precompiled unity dll's ...
Register platform support module: C:/Program Files/Unity/Hub/Editor/2022.3.5f1/Editor/Data/PlaybackEngines/WindowsStandaloneSupport/UnityEditor.WindowsStandalone.Extensions.dll
Registered in 0.004305 seconds.
- Loaded All Assemblies, in  0.262 seconds
Native extension for WindowsStandalone target not found
Mono: successfully reloaded assembly
- Finished resetting the current domain, in  0.245 seconds
Domain Reload Profiling: 506ms
	BeginReloadAssembly (66ms)
		ExecutionOrderSort (0ms)
		DisableScriptedObjects (0ms)
		BackupInstance (0ms)
		ReleaseScriptingObjects (0ms)
		CreateAndSetChildDomain (1ms)
	RebuildCommonClasses (27ms)
	RebuildNativeTypeToScriptingClass (8ms)
	initialDomainReloadingComplete (46ms)
	LoadAllAssembliesAndSetupDomain (113ms)
		LoadAssemblies (65ms)
		RebuildTransferFunctionScriptingTraits (0ms)
		AnalyzeDomain (109ms)
			TypeCache.Refresh (108ms)
				TypeCache.ScanAssembly (98ms)
			ScanForSourceGeneratedMonoScriptInfo (0ms)
			ResolveRequiredComponents (0ms)
	FinalizeReload (245ms)
		ReleaseScriptCaches (0ms)
		RebuildScriptCaches (0ms)
		SetupLoadedEditorAssemblies (192ms)
			LogAssemblyErrors (0ms)
			InitializePlatformSupportModulesInManaged (7ms)
			SetLoadedEditorAssemblies (7ms)
			RefreshPlugins (0ms)
			BeforeProcessingInitializeOnLoad (2ms)
			ProcessInitializeOnLoadAttributes (137ms)
			ProcessInitializeOnLoadMethodAttributes (40ms)
			AfterProcessingInitializeOnLoad (0ms)
			EditorAssembliesLoaded (0ms)
		ExecutionOrderSort2 (0ms)
		AwakeInstancesAfterBackupRestoration (0ms)
[Licensing::Client] Successfully resolved entitlements
Application.AssetDatabase Initial Refresh Start
[ScriptCompilation] Requested script compilation because: Assetdatabase observed changes in script compilation related files
Starting: C:\Program Files\Unity\Hub\Editor\2022.3.5f1\Editor\Data\bee_backend.exe --dont-print-to-structured-log --ipc --defer-dag-verification --dagfile="Library/Bee/1900b0aE.dag" --continue-on-failure --profile="Library/Bee/backend1.traceevents" ScriptAssemblies
WorkingDir: D:/HoanKiemAirVR-Unity-main/HoanKiemAirVR-Unity-main
DisplayProgressbar: Compiling Scripts
ExitCode: 0 Duration: 2s53ms
[1016/1364  0s] ILPP-Configuration Library/ilpp-configuration.nevergeneratedoutput
[1356/1364  1s] Csc Library/Bee/artifacts/1900b0aE.dag/Assembly-CSharp.dll (+2 others)
[1357/1364  0s] Csc Library/Bee/artifacts/1900b0aE.dag/Assembly-CSharp-Editor.dll (+2 others)
Assets\Editor\WaypointPathPainter.cs(26,30): warning CS0414: The field 'WaypointPathPainter.pointSpacingMin' is assigned but its value is never used

Assets\Editor\WaypointPathPainter.cs(27,29): warning CS0414: The field 'WaypointPathPainter.autoSnapGround' is assigned but its value is never used
[1358/1364  0s] ILPostProcess Library/Bee/artifacts/1900b0aE.dag/post-processed/Assembly-CSharp.dll (+pdb)
Processing assembly Library/Bee/artifacts/1900b0aE.dag/Assembly-CSharp.dll, with 123 defines and 316 references

processors: zzzUnity.Burst.CodeGen.BurstILPostProcessor

running zzzUnity.Burst.CodeGen.BurstILPostProcessor
[1359/1364  0s] CopyFiles Library/ScriptAssemblies/Assembly-CSharp.pdb
[1360/1364  0s] CopyFiles Library/ScriptAssemblies/Assembly-CSharp.dll
[1361/1364  0s] ILPostProcess Library/Bee/artifacts/1900b0aE.dag/post-processed/Assembly-CSharp-Editor.dll (+pdb)
Processing assembly Library/Bee/artifacts/1900b0aE.dag/Assembly-CSharp-Editor.dll, with 121 defines and 333 references

processors: zzzUnity.Burst.CodeGen.BurstILPostProcessor

running zzzUnity.Burst.CodeGen.BurstILPostProcessor
[1362/1364  0s] CopyFiles Library/ScriptAssemblies/Assembly-CSharp-Editor.pdb
[1363/1364  0s] CopyFiles Library/ScriptAssemblies/Assembly-CSharp-Editor.dll
*** Tundra build success (2.01 seconds), 9 items updated, 1364 evaluated
Assets\Editor\WaypointPathPainter.cs(26,30): warning CS0414: The field 'WaypointPathPainter.pointSpacingMin' is assigned but its value is never used
Assets\Editor\WaypointPathPainter.cs(27,29): warning CS0414: The field 'WaypointPathPainter.autoSnapGround' is assigned but its value is never used
AssetDatabase: script compilation time: 2.569937s
Begin MonoManager ReloadAssembly
- Loaded All Assemblies, in  1.025 seconds
Refreshing native plugins compatible for Editor in 6.58 ms, found 9 plugins.
Preloading 2 native plugins for Editor in 0.09 ms.
Start importing Assets/Editor/HoanKiemStreetEnvironmentSetup.cs using Guid(b06eb82bcf4bf544aa78b1819ede37e7) Importer(-1,00000000000000000000000000000000)  -> (artifact id: 'e1cbb06d059180e74dfa9d6f9c2e11ea') in 0.022864 seconds
Start importing Assets/Scripts/HoanKiemTrafficSystem.cs using Guid(c18fa6903963ea04f964ea675d0b36cb) Importer(-1,00000000000000000000000000000000)  -> (artifact id: 'fecf2fcc0e0bb12d8422181e566aaba6') in 0.001433 seconds
Start importing Assets/Scripts/HoanKiemGreenRunningTrack.cs using Guid(47a6f44d9efbd1340a35c382bcc90655) Importer(-1,00000000000000000000000000000000)  -> (artifact id: 'cecaf9d36b621446e2bc9b39d766bb27') in 0.001403 seconds
Start importing Assets/Scripts/HoanKiemBuildingGenerator.cs using Guid(29031dc40a9c2d349b540f326912e5a6) Importer(-1,00000000000000000000000000000000)  -> (artifact id: '0eb7b6ad88161d76be23be7745b274e5') in 0.001219 seconds
Start importing Assets/Scripts/HoanKiemRoadMarkings.cs using Guid(4aa9bd2139c1651438f611831e12369c) Importer(-1,00000000000000000000000000000000)  -> (artifact id: '56e6b25534ae134308fa45fd82fd0515') in 0.001235 seconds
Refreshing native plugins compatible for Editor in 5.97 ms, found 9 plugins.
Native extension for WindowsStandalone target not found
[XR] OculusXRPlugin: registering subsystems
[Subsystems] OculusXRPlugin successfully registered Provider for oculus display
[XR] Oculus Input lifecycle provider registered.
[Subsystems] OculusXRPlugin successfully registered Provider for oculus input
[Subsystems] OculusXRPlugin successfully registered Provider for oculus display
[XR] OVRP version 1.88.0
Mono: successfully reloaded assembly
- Finished resetting the current domain, in  3.133 seconds
Domain Reload Profiling: 4156ms
	BeginReloadAssembly (117ms)
		ExecutionOrderSort (0ms)
		DisableScriptedObjects (5ms)
		BackupInstance (0ms)
		ReleaseScriptingObjects (0ms)
		CreateAndSetChildDomain (25ms)
	RebuildCommonClasses (28ms)
	RebuildNativeTypeToScriptingClass (9ms)
	initialDomainReloadingComplete (26ms)
	LoadAllAssembliesAndSetupDomain (843ms)
		LoadAssemblies (531ms)
		RebuildTransferFunctionScriptingTraits (0ms)
		AnalyzeDomain (361ms)
			TypeCache.Refresh (310ms)
				TypeCache.ScanAssembly (296ms)
			ScanForSourceGeneratedMonoScriptInfo (33ms)
			ResolveRequiredComponents (17ms)
	FinalizeReload (3133ms)
		ReleaseScriptCaches (0ms)
		RebuildScriptCaches (0ms)
		SetupLoadedEditorAssemblies (2907ms)
			LogAssemblyErrors (0ms)
			InitializePlatformSupportModulesInManaged (4ms)
			SetLoadedEditorAssemblies (3ms)
			RefreshPlugins (0ms)
			BeforeProcessingInitializeOnLoad (83ms)
			ProcessInitializeOnLoadAttributes (2758ms)
			ProcessInitializeOnLoadMethodAttributes (54ms)
			AfterProcessingInitializeOnLoad (5ms)
			EditorAssembliesLoaded (0ms)
		ExecutionOrderSort2 (0ms)
		AwakeInstancesAfterBackupRestoration (6ms)
Start importing Assets/road_geometry_calibrated.json using Guid(55a16cd96a7444b458b3b76b7fec6bc4) Importer(-1,00000000000000000000000000000000)  -> (artifact id: 'b5984b7f609292097f1fdad373ce8c3d') in 0.020694 seconds
Refreshing native plugins compatible for Editor in 6.41 ms, found 9 plugins.
Preloading 2 native plugins for Editor in 0.10 ms.
Asset Pipeline Refresh (id=94c2967af2f6dee44898b1e8172491e3): Total: 8.946 seconds - Initiated by InitialRefreshV2(ForceSynchronousImport)
	Summary:
		Imports: total=5 (actual=5, local cache=0, cache server=0)
		Asset DB Process Time: managed=3 ms, native=1865 ms
		Asset DB Callback time: managed=163 ms, native=11 ms
		Scripting: domain reloads=1, domain reload time=4270 ms, compile time=2570 ms, other=61 ms
		Project Asset Count: scripts=10373, non-scripts=5182
		Asset File Changes: new=1, changed=6, moved=0, deleted=0
		Scan Filter Count: 0
	InvokeBeforeRefreshCallbacks: 0.314ms
	ApplyChangesToAssetFolders: 0.075ms
	Scan: 83.127ms
	OnSourceAssetsModified: 2.369ms
	GetAllGuidsForCategorization: 3.352ms
	CategorizeAssets: 335.790ms
	ImportOutOfDateAssets: 3300.379ms (605.959ms without children)
		ImportManagerImport: 68.750ms (14.247ms without children)
			ImportInProcess: 54.497ms
			UpdateCategorizedAssets: 0.006ms
		CompileScripts: 2570.036ms
		ReloadNativeAssets: 0.084ms
		UnloadImportedAssets: 43.990ms
		ReloadImportedAssets: 0.002ms
		EnsureUptoDateAssetsAreRegisteredWithGuidPM: 7.305ms
		InitializingProgressBar: 0.025ms
		PostProcessAllAssetNotificationsAddChangedAssets: 0.001ms
		OnDemandSchedulerStart: 4.227ms
	PostProcessAllAssets: 161.714ms
	Hotreload: 10.693ms
	GatherAllCurrentPrimaryArtifactRevisions: 0.009ms
	UnloadStreamsBegin: 2.848ms
	PersistCurrentRevisions: 0.776ms
	UnloadStreamsEnd: 0.052ms
	GenerateScriptTypeHashes: 53.562ms
	Untracked: 5044.969ms
Application.AssetDatabase Initial Refresh End
Shader 'Oculus/OVRMRCameraFrameLit': fallback shader 'Alpha-Diffuse' not found
Launched and connected shader compiler UnityShaderCompiler.exe after 0.04 seconds
Scanning for USB devices : 1.336ms
Initializing Unity extensions:
[Licensing::Client] Successfully resolved entitlements
[MODES] ModeService[none].Initialize
[MODES] ModeService[none].LoadModes
[MODES] Loading mode Default (0) for mode-current-id-HKAir v2
ProgressiveSceneManager::Cancel()
Unloading 10 Unused Serialized files (Serialized files now loaded: 0)
Unloading 134 unused Assets / (0.9 MB). Loaded Objects now: 8752.
Memory consumption went from 239.7 MB to 238.8 MB.
Total: 6.675700 ms (FindLiveObjects: 0.786500 ms CreateObjectMapping: 0.518800 ms MarkObjects: 4.904800 ms  DeleteObjects: 0.465000 ms)

Opening scene 'Assets/Scenes/HoanKiem.unity'
Unloading 17 Unused Serialized files (Serialized files now loaded: 0)
Loaded scene 'Assets/Scenes/HoanKiem.unity'
	Deserialize:            1369.788 ms
	Integration:            725.137 ms
	Integration of assets:  38.761 ms
	Thread Wait Time:       -25.674 ms
	Total Operation Time:   2108.012 ms
Unloading 3 unused Assets / (1.9 KB). Loaded Objects now: 139073.
Memory consumption went from 388.4 MB to 388.4 MB.
Total: 21.172700 ms (FindLiveObjects: 10.712100 ms CreateObjectMapping: 2.105600 ms MarkObjects: 8.185300 ms  DeleteObjects: 0.168700 ms)

<color=#00FFAA>[HoanKiemStreetEnvironmentSetup] Đã thiết lập thành công Đường Chạy Xanh Lá Cây!</color>
UnityEngine.StackTraceUtility:ExtractStackTrace ()
UnityEngine.DebugLogHandler:LogFormat (UnityEngine.LogType,UnityEngine.Object,string,object[])
UnityEngine.Logger:Log (UnityEngine.LogType,object)
UnityEngine.Debug:Log (object)
HoanKiemAirVR.Editor.HoanKiemStreetEnvironmentSetup:SetupGreenRunningTrack () (at Assets/Editor/HoanKiemStreetEnvironmentSetup.cs:124)
HoanKiemAirVR.Editor.HoanKiemStreetEnvironmentSetup:UpgradeAllScene () (at Assets/Editor/HoanKiemStreetEnvironmentSetup.cs:73)

(Filename: Assets/Editor/HoanKiemStreetEnvironmentSetup.cs Line: 124)

<color=#00FFAA>[HoanKiemStreetEnvironmentSetup] Đã thiết lập thành công Vạch Kẻ Đường Thực Tế!</color>
UnityEngine.StackTraceUtility:ExtractStackTrace ()
UnityEngine.DebugLogHandler:LogFormat (UnityEngine.LogType,UnityEngine.Object,string,object[])
UnityEngine.Logger:Log (UnityEngine.LogType,object)
UnityEngine.Debug:Log (object)
HoanKiemAirVR.Editor.HoanKiemStreetEnvironmentSetup:SetupRoadMarkings () (at Assets/Editor/HoanKiemStreetEnvironmentSetup.cs:142)
HoanKiemAirVR.Editor.HoanKiemStreetEnvironmentSetup:UpgradeAllScene () (at Assets/Editor/HoanKiemStreetEnvironmentSetup.cs:74)

(Filename: Assets/Editor/HoanKiemStreetEnvironmentSetup.cs Line: 142)

<color=#00FFAA>[HoanKiemTrafficSystem] Đã tạo thành công toàn bộ hệ thống xe cộ đặc trưng Hà Nội quanh Hồ Gươm!</color>
UnityEngine.StackTraceUtility:ExtractStackTrace ()
UnityEngine.DebugLogHandler:LogFormat (UnityEngine.LogType,UnityEngine.Object,string,object[])
UnityEngine.Logger:Log (UnityEngine.LogType,object)
UnityEngine.Debug:Log (object)
HoanKiemAirVR.HoanKiemTrafficSystem:SpawnAllVehiclesInEditor () (at Assets/Scripts/HoanKiemTrafficSystem.cs:353)
HoanKiemAirVR.Editor.HoanKiemStreetEnvironmentSetup:SetupTrafficSystem () (at Assets/Editor/HoanKiemStreetEnvironmentSetup.cs:158)
HoanKiemAirVR.Editor.HoanKiemStreetEnvironmentSetup:UpgradeAllScene () (at Assets/Editor/HoanKiemStreetEnvironmentSetup.cs:75)

(Filename: Assets/Scripts/HoanKiemTrafficSystem.cs Line: 353)

<color=#00FFAA>[HoanKiemStreetEnvironmentSetup] Đã thiết lập thành công Xe Cộ & Giao Thông Hà Nội!</color>
UnityEngine.StackTraceUtility:ExtractStackTrace ()
UnityEngine.DebugLogHandler:LogFormat (UnityEngine.LogType,UnityEngine.Object,string,object[])
UnityEngine.Logger:Log (UnityEngine.LogType,object)
UnityEngine.Debug:Log (object)
HoanKiemAirVR.Editor.HoanKiemStreetEnvironmentSetup:SetupTrafficSystem () (at Assets/Editor/HoanKiemStreetEnvironmentSetup.cs:160)
HoanKiemAirVR.Editor.HoanKiemStreetEnvironmentSetup:UpgradeAllScene () (at Assets/Editor/HoanKiemStreetEnvironmentSetup.cs:75)

(Filename: Assets/Editor/HoanKiemStreetEnvironmentSetup.cs Line: 160)

<color=#00FFAA>[HoanKiemStreetEnvironmentSetup] Đã xây dựng thành công Nhà Cửa & Dãy Phố 4 Mặt Hồ Gươm!</color>
UnityEngine.StackTraceUtility:ExtractStackTrace ()
UnityEngine.DebugLogHandler:LogFormat (UnityEngine.LogType,UnityEngine.Object,string,object[])
UnityEngine.Logger:Log (UnityEngine.LogType,object)
UnityEngine.Debug:Log (object)
HoanKiemAirVR.Editor.HoanKiemStreetEnvironmentSetup:SetupStreetBuildings () (at Assets/Editor/HoanKiemStreetEnvironmentSetup.cs:176)
HoanKiemAirVR.Editor.HoanKiemStreetEnvironmentSetup:UpgradeAllScene () (at Assets/Editor/HoanKiemStreetEnvironmentSetup.cs:76)

(Filename: Assets/Editor/HoanKiemStreetEnvironmentSetup.cs Line: 176)

Start importing Assets/Scenes/HoanKiem.unity using Guid(9fc0d4010bbf28b4594072e72b8655ab) Importer(-1,00000000000000000000000000000000)  -> (artifact id: 'e8e946c89ec9ccdab5ce71429210e0de') in 0.001357 seconds
Refreshing native plugins compatible for Editor in 6.24 ms, found 9 plugins.
Preloading 2 native plugins for Editor in 0.11 ms.
Asset Pipeline Refresh (id=743b29ed299b56d4f87f9978425c4707): Total: 0.109 seconds - Initiated by StopAssetImportingV2(NoUpdateAssetOptions)
<color=#00FF88><b>========================================================================</b></color>
UnityEngine.StackTraceUtility:ExtractStackTrace ()
UnityEngine.DebugLogHandler:LogFormat (UnityEngine.LogType,UnityEngine.Object,string,object[])
UnityEngine.Logger:Log (UnityEngine.LogType,object)
UnityEngine.Debug:Log (object)
HoanKiemAirVR.Editor.HoanKiemStreetEnvironmentSetup:UpgradeAllScene () (at Assets/Editor/HoanKiemStreetEnvironmentSetup.cs:81)

(Filename: Assets/Editor/HoanKiemStreetEnvironmentSetup.cs Line: 81)

<color=#00FF88><b>[HoanKiem VR] ĐÃ NÂNG CẤP TOÀN DIỆN KHUNG CẢNH PHỐ HỒ GƯƠM THÀNH CÔNG!</b></color>
UnityEngine.StackTraceUtility:ExtractStackTrace ()
UnityEngine.DebugLogHandler:LogFormat (UnityEngine.LogType,UnityEngine.Object,string,object[])
UnityEngine.Logger:Log (UnityEngine.LogType,object)
UnityEngine.Debug:Log (object)
HoanKiemAirVR.Editor.HoanKiemStreetEnvironmentSetup:UpgradeAllScene () (at Assets/Editor/HoanKiemStreetEnvironmentSetup.cs:82)

(Filename: Assets/Editor/HoanKiemStreetEnvironmentSetup.cs Line: 82)

<color=#00FFFF>1. Đường chạy xanh lá cây thể thao (Green Track) bên đường ngoài có thể chỉnh sửa trực tiếp trên Unity.</color>
UnityEngine.StackTraceUtility:ExtractStackTrace ()
UnityEngine.DebugLogHandler:LogFormat (UnityEngine.LogType,UnityEngine.Object,string,object[])
UnityEngine.Logger:Log (UnityEngine.LogType,object)
UnityEngine.Debug:Log (object)
HoanKiemAirVR.Editor.HoanKiemStreetEnvironmentSetup:UpgradeAllScene () (at Assets/Editor/HoanKiemStreetEnvironmentSetup.cs:83)

(Filename: Assets/Editor/HoanKiemStreetEnvironmentSetup.cs Line: 83)

<color=#00FFFF>2. Vạch kẻ đường chuẩn QCVN 41:2019 (vạch sang đường cho người đi bộ, vạch đứt phân làn, vạch đôi vàng tim đường, trạm xe buýt).</color>
UnityEngine.StackTraceUtility:ExtractStackTrace ()
UnityEngine.DebugLogHandler:LogFormat (UnityEngine.LogType,UnityEngine.Object,string,object[])
UnityEngine.Logger:Log (UnityEngine.LogType,object)
UnityEngine.Debug:Log (object)
HoanKiemAirVR.Editor.HoanKiemStreetEnvironmentSetup:UpgradeAllScene () (at Assets/Editor/HoanKiemStreetEnvironmentSetup.cs:84)

(Filename: Assets/Editor/HoanKiemStreetEnvironmentSetup.cs Line: 84)

<color=#00FFFF>3. Xe cộ đặc trưng: Xe buýt 2 tầng đỏ City Tour, Taxi Mai Linh / Xanh SM, ô tô con, hàng xe máy dựng vỉa hè phố cổ, xích lô, xe điện.</color>
UnityEngine.StackTraceUtility:ExtractStackTrace ()
UnityEngine.DebugLogHandler:LogFormat (UnityEngine.LogType,UnityEngine.Object,string,object[])
UnityEngine.Logger:Log (UnityEngine.LogType,object)
UnityEngine.Debug:Log (object)
HoanKiemAirVR.Editor.HoanKiemStreetEnvironmentSetup:UpgradeAllScene () (at Assets/Editor/HoanKiemStreetEnvironmentSetup.cs:85)

(Filename: Assets/Editor/HoanKiemStreetEnvironmentSetup.cs Line: 85)

<color=#00FFFF>4. Nhà cửa 4 mặt hồ: Tòa nhà Hàm Cá Mập, Tòa soạn Báo Hà Nội Mới, Apricot Hotel, dãy phố cổ Hàng Khay & Đinh Tiên Hoàng.</color>
UnityEngine.StackTraceUtility:ExtractStackTrace ()
UnityEngine.DebugLogHandler:LogFormat (UnityEngine.LogType,UnityEngine.Object,string,object[])
UnityEngine.Logger:Log (UnityEngine.LogType,object)
UnityEngine.Debug:Log (object)
HoanKiemAirVR.Editor.HoanKiemStreetEnvironmentSetup:UpgradeAllScene () (at Assets/Editor/HoanKiemStreetEnvironmentSetup.cs:86)

(Filename: Assets/Editor/HoanKiemStreetEnvironmentSetup.cs Line: 86)

<color=#00FF88><b>========================================================================</b></color>
UnityEngine.StackTraceUtility:ExtractStackTrace ()
UnityEngine.DebugLogHandler:LogFormat (UnityEngine.LogType,UnityEngine.Object,string,object[])
UnityEngine.Logger:Log (UnityEngine.LogType,object)
UnityEngine.Debug:Log (object)
HoanKiemAirVR.Editor.HoanKiemStreetEnvironmentSetup:UpgradeAllScene () (at Assets/Editor/HoanKiemStreetEnvironmentSetup.cs:87)

(Filename: Assets/Editor/HoanKiemStreetEnvironmentSetup.cs Line: 87)

Setting up 4 worker threads for Enlighten.
[Licensing::IpcConnector] License Notification channel disconnected successfully.
[Licensing::IpcConnector] License Client channel disconnected successfully.
Cleanup mono
[Performance] WinEditorMain                                                                                                                                :        1 samples, Peak.  1.71 s (1.0x), Avg.  1.71 s, Total. 1.714 s (8.3%)
[Performance] WinEditorMain.ConfigureCrashHandler                                                                                                          :        1 samples, Peak.  16.3 us (1.0x), Avg.  16.3 us, Total. 16.30 us (0.0%)
[Performance] WinEditorMain.CurlRequestInitialize                                                                                                          :        1 samples, Peak.   859 us (1.0x), Avg.   859 us, Total. 858.6 us (0.0%)
[Performance] WinEditorMain.SetupLogFile                                                                                                                   :        1 samples, Peak.   180 us (1.0x), Avg.   180 us, Total. 179.7 us (0.0%)
[Performance] WinEditorMain.RunNativeTestsIfRequiredAndExit                                                                                                :        1 samples, Peak.   100 ns (1.0x), Avg.   100 ns, Total. 100.0 ns (0.0%)
[Performance] WinEditorMain.Licensing                                                                                                                      :        1 samples, Peak.  1.69 s (1.0x), Avg.  1.69 s, Total. 1.692 s (8.2%)
[Performance] WinEditorMain.InitializeCrashHandler                                                                                                         :        1 samples, Peak.  17.2 ms (1.0x), Avg.  17.2 ms, Total. 17.19 ms (0.1%)
[Performance] WinEditorMain.CreateApplication                                                                                                              :        1 samples, Peak.   237 us (1.0x), Avg.   237 us, Total. 236.7 us (0.0%)
[Performance] Application.InitializeProject                                                                                                                :        1 samples, Peak.  13.3 s (1.0x), Avg.  13.3 s, Total. 13.28 s (64.1%)
[Performance] Application.PackageManager.StartServer                                                                                                       :        1 samples, Peak.  4.57 ms (1.0x), Avg.  4.57 ms, Total. 4.571 ms (0.0%)
[Performance] Application.AcquireProjectLock                                                                                                               :        1 samples, Peak.  55.5 ms (1.0x), Avg.  55.5 ms, Total. 55.53 ms (0.3%)
[Performance] Application.InitializeEngineNoGraphics                                                                                                       :        1 samples, Peak.  52.5 ms (1.0x), Avg.  52.5 ms, Total. 52.50 ms (0.3%)
[Performance] Application.PackageManager.Initialize                                                                                                        :        1 samples, Peak.   300 ms (1.0x), Avg.   300 ms, Total. 300.2 ms (1.4%)
[Performance] Connecting to Package Manager                                                                                                                :       31 samples, Peak.  84.8 us (24.0x), Avg.  3.53 us, Total. 109.4 us (0.0%)
[Performance] Application.EngineGraphics.Initialize                                                                                                        :        1 samples, Peak.  1.61 s (1.0x), Avg.  1.61 s, Total. 1.614 s (7.8%)
[Performance] Application.GI.Initialize                                                                                                                    :        1 samples, Peak.  3.22 ms (1.0x), Avg.  3.22 ms, Total. 3.220 ms (0.0%)
[Performance] Application.LoadAllDefaultResourcesFromEditor                                                                                                :        1 samples, Peak.  2.39 ms (1.0x), Avg.  2.39 ms, Total. 2.388 ms (0.0%)
[Performance] Application.LoadMonoAssemblies                                                                                                               :        1 samples, Peak.   514 ms (1.0x), Avg.   514 ms, Total. 513.7 ms (2.5%)
[Performance] RestoreManagedReferences                                                                                                                     :        2 samples, Peak.  94.5 ms (2.0x), Avg.  47.3 ms, Total. 94.51 ms (0.5%)
[Performance] InitializeOnLoad WindowLayout                                                                                                                :        2 samples, Peak.   741 us (1.1x), Avg.   666 us, Total. 1.333 ms (0.0%)
[Performance] InitializeOnLoad AssetStoreContext                                                                                                           :        2 samples, Peak.  22.0 ms (1.1x), Avg.  20.7 ms, Total. 41.36 ms (0.2%)
[Performance] InitializeOnLoad CloudBuild                                                                                                                  :        2 samples, Peak.  5.80 us (1.1x), Avg.  5.35 us, Total. 10.70 us (0.0%)
[Performance] InitializeOnLoad SettingsService                                                                                                             :        2 samples, Peak.  7.60 us (1.2x), Avg.  6.30 us, Total. 12.60 us (0.0%)
[Performance] InitializeOnLoad CacheServerWindow                                                                                                           :        2 samples, Peak.  9.10 us (1.0x), Avg.  8.90 us, Total. 17.80 us (0.0%)
[Performance] InitializeOnLoad MixerEffectDefinitionReloader                                                                                               :        2 samples, Peak.  2.66 ms (1.2x), Avg.  2.20 ms, Total. 4.402 ms (0.0%)
[Performance] InitializeOnLoad ShortcutIntegration                                                                                                         :        2 samples, Peak.  65.9 us (1.1x), Avg.  61.1 us, Total. 122.2 us (0.0%)
[Performance] InitializeOnLoad CheckNavigationPackage                                                                                                      :        2 samples, Peak.   431 us (1.1x), Avg.   391 us, Total. 782.5 us (0.0%)
[Performance] InitializeOnLoad NativeFormatImporterUtility                                                                                                 :        2 samples, Peak.  2.08 ms (1.0x), Avg.  2.01 ms, Total. 4.019 ms (0.0%)
[Performance] InitializeOnLoad PlayModeDownload                                                                                                            :        2 samples, Peak.  5.11 ms (1.9x), Avg.  2.66 ms, Total. 5.314 ms (0.0%)
[Performance] InitializeOnLoad PrefabInstanceChangedListener                                                                                               :        2 samples, Peak.   126 us (1.1x), Avg.   116 us, Total. 231.7 us (0.0%)
[Performance] InitializeOnLoad SearchService                                                                                                               :        2 samples, Peak.  91.7 us (1.1x), Avg.  86.5 us, Total. 173.1 us (0.0%)
[Performance] InitializeOnLoad MenuItems                                                                                                                   :        2 samples, Peak.  74.4 us (1.1x), Avg.  69.6 us, Total. 139.3 us (0.0%)
[Performance] InitializeOnLoad DrivenRectTransformUndo                                                                                                     :        2 samples, Peak.   168 us (1.0x), Avg.   165 us, Total. 329.9 us (0.0%)
[Performance] InitializeOnLoad UnityConnect                                                                                                                :        2 samples, Peak.  37.8 us (1.0x), Avg.  36.5 us, Total. 73.10 us (0.0%)
[Performance] InitializeOnLoad ObjectSelectorSearch                                                                                                        :        2 samples, Peak.  29.1 us (1.1x), Avg.  27.3 us, Total. 54.50 us (0.0%)
[Performance] InitializeOnLoad AddComponentWindow                                                                                                          :        2 samples, Peak.  96.7 us (1.1x), Avg.  85.3 us, Total. 170.7 us (0.0%)
[Performance] InitializeOnLoad SceneSearch                                                                                                                 :        2 samples, Peak.  27.0 us (1.0x), Avg.  25.8 us, Total. 51.60 us (0.0%)
[Performance] InitializeOnLoad ManagedDebuggerWindow                                                                                                       :        2 samples, Peak.   558 us (1.5x), Avg.   371 us, Total. 742.8 us (0.0%)
[Performance] InitializeOnLoad ProjectSearch                                                                                                               :        2 samples, Peak.  42.0 us (1.2x), Avg.  36.4 us, Total. 72.80 us (0.0%)
[Performance] InitializeOnLoad UISystemProfilerRenderService                                                                                               :        2 samples, Peak.  5.30 us (1.0x), Avg.  5.15 us, Total. 10.30 us (0.0%)
[Performance] InitializeOnLoad EditMode                                                                                                                    :        2 samples, Peak.   334 us (1.1x), Avg.   296 us, Total. 592.3 us (0.0%)
[Performance] InitializeOnLoad ManagedDebugger                                                                                                             :        2 samples, Peak.   500 ns (1.1x), Avg.   450 ns, Total. 900.0 ns (0.0%)
[Performance] InitializeOnLoad EditorMonitor                                                                                                               :        2 samples, Peak.   371 us (1.0x), Avg.   356 us, Total. 711.9 us (0.0%)
[Performance] InitializeOnLoad RetainedMode                                                                                                                :        2 samples, Peak.  1.97 ms (1.1x), Avg.  1.77 ms, Total. 3.540 ms (0.0%)
[Performance] InitializeOnLoad EditorShaderLoader                                                                                                          :        2 samples, Peak.   642 us (1.1x), Avg.   579 us, Total. 1.157 ms (0.0%)
[Performance] InitializeOnLoad EditorDelegateRegistration                                                                                                  :        2 samples, Peak.   397 us (1.1x), Avg.   364 us, Total. 728.4 us (0.0%)
[Performance] InitializeOnLoad LiveReloadTrackerCreator                                                                                                    :        2 samples, Peak.   113 us (1.0x), Avg.   110 us, Total. 219.7 us (0.0%)
[Performance] InitializeOnLoad UxmlObjectEditorFactories                                                                                                   :        2 samples, Peak.   350 us (1.0x), Avg.   341 us, Total. 681.7 us (0.0%)
[Performance] InitializeOnLoad UIDocumentHierarchyWatcher                                                                                                  :        2 samples, Peak.  70.1 us (1.0x), Avg.  68.6 us, Total. 137.2 us (0.0%)
[Performance] InitializeOnLoad UXMLEditorFactories                                                                                                         :        2 samples, Peak.  53.2 ms (1.1x), Avg.  48.9 ms, Total. 97.78 ms (0.5%)
[Performance] InitializeOnLoad CloudBuildPoller                                                                                                            :        2 samples, Peak.   310 us (1.2x), Avg.   265 us, Total. 530.0 us (0.0%)
[Performance] InitializeOnLoad AnalyticsService                                                                                                            :        2 samples, Peak.  6.81 ms (1.0x), Avg.  6.60 ms, Total. 13.20 ms (0.1%)
[Performance] InitializeOnLoad UDPService                                                                                                                  :        2 samples, Peak.  4.60 ms (1.1x), Avg.  4.02 ms, Total. 8.048 ms (0.0%)
[Performance] InitializeOnLoad EditorGameServicesAnalytics                                                                                                 :        2 samples, Peak.  3.07 ms (1.8x), Avg.  1.72 ms, Total. 3.450 ms (0.0%)
[Performance] InitializeOnLoad PurchasingService                                                                                                           :        2 samples, Peak.  9.33 ms (1.0x), Avg.  9.30 ms, Total. 18.60 ms (0.1%)
[Performance] InitializeOnLoad ServicesRepository                                                                                                          :        2 samples, Peak.  1.70 us (1.1x), Avg.  1.60 us, Total. 3.200 us (0.0%)
[Performance] InitializeOnLoad AdsService                                                                                                                  :        2 samples, Peak.  4.48 ms (1.1x), Avg.  4.16 ms, Total. 8.327 ms (0.0%)
[Performance] InitializeOnLoad BuildService                                                                                                                :        2 samples, Peak.  4.42 ms (1.1x), Avg.  4.10 ms, Total. 8.202 ms (0.0%)
[Performance] InitializeOnLoad CrashService                                                                                                                :        2 samples, Peak.  4.24 ms (1.1x), Avg.  3.83 ms, Total. 7.658 ms (0.0%)
[Performance] InitializeOnLoad SearchWindow                                                                                                                :        2 samples, Peak.   175 us (1.2x), Avg.   144 us, Total. 288.9 us (0.0%)
[Performance] InitializeOnLoad CustomIndexers                                                                                                              :        2 samples, Peak.   234 us (1.1x), Avg.   222 us, Total. 443.6 us (0.0%)
[Performance] InitializeOnLoad SearchMonitor                                                                                                               :        2 samples, Peak.  2.11 ms (1.0x), Avg.  2.08 ms, Total. 4.162 ms (0.0%)
[Performance] InitializeOnLoad ParameterControllerEditor                                                                                                   :        2 samples, Peak.  25.3 us (1.2x), Avg.  20.9 us, Total. 41.80 us (0.0%)
[Performance] InitializeOnLoad LayerSettingsWindow                                                                                                         :        2 samples, Peak.  4.50 us (1.2x), Avg.  3.80 us, Total. 7.600 us (0.0%)
[Performance] InitializeOnLoad PackageManagerHookGUIDConverter.RegisterPackagesEventHandler                                                                :        2 samples, Peak.   911 us (1.8x), Avg.   507 us, Total. 1.015 ms (0.0%)
[Performance] InitializeOnLoad EditorDragAndDrop.RegisterEditorClient                                                                                      :        2 samples, Peak.   277 us (1.2x), Avg.   225 us, Total. 450.9 us (0.0%)
[Performance] InitializeOnLoad EditorEventCallbacks.InitializeFontAssetResourceChangeCallBacks                                                             :        2 samples, Peak.  1.03 ms (1.0x), Avg.   983 us, Total. 1.965 ms (0.0%)
[Performance] InitializeOnLoad SceneTemplateService.Init                                                                                                   :        2 samples, Peak.  1.13 ms (1.3x), Avg.   886 us, Total. 1.771 ms (0.0%)
[Performance] InitializeOnLoad DiagnosticSwitchesConsoleMessage.Init                                                                                       :        2 samples, Peak.  4.92 ms (1.9x), Avg.  2.66 ms, Total. 5.315 ms (0.0%)
[Performance] InitializeOnLoad PackageManagerWindow.EditorInitializedInSafeMode                                                                            :        2 samples, Peak.  21.6 ms (2.0x), Avg.  10.9 ms, Total. 21.77 ms (0.1%)
[Performance] InitializeOnLoad AssetPostprocessingInternal.RefreshCustomDependencies                                                                       :        2 samples, Peak.  2.31 ms (1.0x), Avg.  2.24 ms, Total. 4.484 ms (0.0%)
[Performance] InitializeOnLoad ToolShortcutContext.Init                                                                                                    :        2 samples, Peak.   129 us (1.1x), Avg.   120 us, Total. 239.3 us (0.0%)
[Performance] InitializeOnLoad MemoryProfilerCompilationGuard.InjectCompileGuard                                                                           :        2 samples, Peak.   124 us (1.1x), Avg.   111 us, Total. 222.6 us (0.0%)
[Performance] InitializeOnLoad ScopedRegistryAddedPopup.SubscribeToRegistriesAdded                                                                         :        2 samples, Peak.  6.25 ms (2.0x), Avg.  3.17 ms, Total. 6.333 ms (0.0%)
[Performance] InitializeOnLoad EditorWindow.Initialize                                                                                                     :        2 samples, Peak.   179 us (1.2x), Avg.   153 us, Total. 305.5 us (0.0%)
[Performance] InitializeOnLoad SysrootManager.Initialize                                                                                                   :        2 samples, Peak.   438 us (1.1x), Avg.   393 us, Total. 786.5 us (0.0%)
[Performance] InitializeOnLoad SceneVisibilityManager.Initialize                                                                                           :        2 samples, Peak.  4.82 ms (1.7x), Avg.  2.92 ms, Total. 5.831 ms (0.0%)
[Performance] AssemblyReloadEvents.afterAssemblyReload: UnityEditor.SceneTemplate.SceneTemplateService.AfterAssemblyReload                                 :        2 samples, Peak.  2.85 ms (1.8x), Avg.  1.55 ms, Total. 3.099 ms (0.0%)
[Performance] ProcessService.EditorAfterLoadAllAssemblies                                                                                                  :        2 samples, Peak.   378 us (1.3x), Avg.   294 us, Total. 588.2 us (0.0%)
[Performance] Application.ReadLicenseInfo                                                                                                                  :        1 samples, Peak.  29.9 ms (1.0x), Avg.  29.9 ms, Total. 29.85 ms (0.1%)
[Performance] Application.InitialRefresh                                                                                                                   :        1 samples, Peak.  8.95 s (1.0x), Avg.  8.95 s, Total. 8.949 s (43.2%)
[Performance] BuilderAssetModificationProcessor.OnWillCreateAsset                                                                                          :        2 samples, Peak.  1.08 ms (1.7x), Avg.   654 us, Total. 1.308 ms (0.0%)
[Performance] ShaderImporter.SourceAssetModified                                                                                                           :        3 samples, Peak.   900 ns (1.3x), Avg.   700 ns, Total. 2.100 us (0.0%)
[Performance] ShaderIncludeImporter.SourceAssetModified                                                                                                    :        3 samples, Peak.  1.10 us (1.1x), Avg.   967 ns, Total. 2.900 us (0.0%)
[Performance] Compiling Scripts                                                                                                                            :        1 samples, Peak.  2.57 s (1.0x), Avg.  2.57 s, Total. 2.570 s (12.4%)
[Performance] AssemblyReloadEvents.beforeAssemblyReload: UnityEditor.SceneTemplate.SceneTemplateService.BeforeAssemblyReload                               :        1 samples, Peak.   450 us (1.0x), Avg.   450 us, Total. 450.3 us (0.0%)
[Performance] PresetManagerPostProcessor.OnPreprocessAsset                                                                                                 :        7 samples, Peak.  1.00 ms (5.1x), Avg.   196 us, Total. 1.375 ms (0.0%)
[Performance] CancelSplashScreenOnAssetChange.OnPreprocessAsset                                                                                            :        7 samples, Peak.   149 us (6.4x), Avg.  23.3 us, Total. 163.2 us (0.0%)
[Performance] ShaderGraphAssetPostProcessor.OnPreprocessAsset                                                                                              :        7 samples, Peak.   239 us (6.4x), Avg.  37.3 us, Total. 261.0 us (0.0%)
[Performance] InitializeOnLoad TouchSimulation                                                                                                             :        1 samples, Peak.   217 us (1.0x), Avg.   217 us, Total. 217.0 us (0.0%)
[Performance] InitializeOnLoad InputSystem                                                                                                                 :        1 samples, Peak.  42.1 ms (1.0x), Avg.  42.1 ms, Total. 42.12 ms (0.2%)
[Performance] InitializeOnLoad BurstLoader                                                                                                                 :        1 samples, Peak.  2.23 s (1.0x), Avg.  2.23 s, Total. 2.231 s (10.8%)
[Performance] InitializeOnLoad ShadowCasterGroup2DManager                                                                                                  :        1 samples, Peak.   339 us (1.0x), Avg.   339 us, Total. 339.0 us (0.0%)
[Performance] InitializeOnLoad PlatformSettings                                                                                                            :        1 samples, Peak.  6.20 us (1.0x), Avg.  6.20 us, Total. 6.200 us (0.0%)
[Performance] InitializeOnLoad PrefabLayoutRebuilder                                                                                                       :        1 samples, Peak.   220 us (1.0x), Avg.   220 us, Total. 219.9 us (0.0%)
[Performance] InitializeOnLoad HoanKiemWaterSetup                                                                                                          :        1 samples, Peak.   119 us (1.0x), Avg.   119 us, Total. 118.8 us (0.0%)
[Performance] InitializeOnLoad CrowdAutoRebake                                                                                                             :        1 samples, Peak.  47.1 us (1.0x), Avg.  47.1 us, Total. 47.10 us (0.0%)
[Performance] InitializeOnLoad HoanKiemStreetEnvironmentSetup                                                                                              :        1 samples, Peak.  39.1 us (1.0x), Avg.  39.1 us, Total. 39.10 us (0.0%)
[Performance] InitializeOnLoad HoanKiemFishSetup                                                                                                           :        1 samples, Peak.  70.0 us (1.0x), Avg.  70.0 us, Total. 70.00 us (0.0%)
[Performance] InitializeOnLoad SelectedInspector                                                                                                           :        1 samples, Peak.   112 us (1.0x), Avg.   112 us, Total. 112.0 us (0.0%)
[Performance] InitializeOnLoad RoadTracer                                                                                                                  :        1 samples, Peak.  82.6 us (1.0x), Avg.  82.6 us, Total. 82.60 us (0.0%)
[Performance] InitializeOnLoad CityCrowdAutoBake                                                                                                           :        1 samples, Peak.  71.5 us (1.0x), Avg.  71.5 us, Total. 71.50 us (0.0%)
[Performance] InitializeOnLoad OculusSampleFrameworkUtil                                                                                                   :        1 samples, Peak.  46.2 us (1.0x), Avg.  46.2 us, Total. 46.20 us (0.0%)
[Performance] InitializeOnLoad UnityObjectAddedBroadcaster                                                                                                 :        1 samples, Peak.  2.21 ms (1.0x), Avg.  2.21 ms, Total. 2.212 ms (0.0%)
[Performance] InitializeOnLoad AutoWiring                                                                                                                  :        1 samples, Peak.   237 us (1.0x), Avg.   237 us, Total. 237.1 us (0.0%)
[Performance] InitializeOnLoad InteractionAutoWiring                                                                                                       :        1 samples, Peak.   619 us (1.0x), Avg.   619 us, Total. 619.0 us (0.0%)
[Performance] InitializeOnLoad PackageCleanup                                                                                                              :        1 samples, Peak.  77.7 us (1.0x), Avg.  77.7 us, Total. 77.70 us (0.0%)
[Performance] InitializeOnLoad PluginUpdater                                                                                                               :        1 samples, Peak.   150 us (1.0x), Avg.   150 us, Total. 149.9 us (0.0%)
[Performance] InitializeOnLoad OVRAutoWiring                                                                                                               :        1 samples, Peak.   380 us (1.0x), Avg.   380 us, Total. 379.6 us (0.0%)
[Performance] InitializeOnLoad ButtonFallbackComposite                                                                                                     :        1 samples, Peak.   338 us (1.0x), Avg.   338 us, Total. 337.5 us (0.0%)
[Performance] InitializeOnLoad IntegerFallbackComposite                                                                                                    :        1 samples, Peak.  88.6 us (1.0x), Avg.  88.6 us, Total. 88.60 us (0.0%)
[Performance] InitializeOnLoad Vector3FallbackComposite                                                                                                    :        1 samples, Peak.  88.0 us (1.0x), Avg.  88.0 us, Total. 88.00 us (0.0%)
[Performance] InitializeOnLoad SectorInteraction                                                                                                           :        1 samples, Peak.   245 us (1.0x), Avg.   245 us, Total. 244.7 us (0.0%)
[Performance] InitializeOnLoad QuaternionFallbackComposite                                                                                                 :        1 samples, Peak.  79.6 us (1.0x), Avg.  79.6 us, Total. 79.60 us (0.0%)
[Performance] InitializeOnLoad SimulatedInputLayoutLoader                                                                                                  :        1 samples, Peak.   252 us (1.0x), Avg.   252 us, Total. 251.9 us (0.0%)
[Performance] InitializeOnLoad ScriptableSettingsInitializer                                                                                               :        1 samples, Peak.   165 us (1.0x), Avg.   165 us, Total. 165.1 us (0.0%)
[Performance] InitializeOnLoad BuildValidator                                                                                                              :        1 samples, Peak.   460 us (1.0x), Avg.   460 us, Total. 460.1 us (0.0%)
[Performance] InitializeOnLoad InteractionLayerUpdater                                                                                                     :        1 samples, Peak.  4.40 us (1.0x), Avg.  4.40 us, Total. 4.400 us (0.0%)
[Performance] InitializeOnLoad ONSPSettings                                                                                                                :        1 samples, Peak.  3.40 us (1.0x), Avg.  3.40 us, Total. 3.400 us (0.0%)
[Performance] InitializeOnLoad BackgroundWatcher                                                                                                           :        1 samples, Peak.   171 us (1.0x), Avg.   171 us, Total. 171.4 us (0.0%)
[Performance] InitializeOnLoad UnityTestProtocolStarter                                                                                                    :        1 samples, Peak.   180 us (1.0x), Avg.   180 us, Total. 180.2 us (0.0%)
[Performance] InitializeOnLoad TestStarter                                                                                                                 :        1 samples, Peak.   502 us (1.0x), Avg.   502 us, Total. 501.5 us (0.0%)
[Performance] InitializeOnLoad RerunCallbackInitializer                                                                                                    :        1 samples, Peak.  3.79 ms (1.0x), Avg.  3.79 ms, Total. 3.790 ms (0.0%)
[Performance] InitializeOnLoad RiderScriptEditor                                                                                                           :        1 samples, Peak.  6.09 ms (1.0x), Avg.  6.09 ms, Total. 6.088 ms (0.0%)
[Performance] InitializeOnLoad CallbackInitializer                                                                                                         :        1 samples, Peak.  1.61 ms (1.0x), Avg.  1.61 ms, Total. 1.608 ms (0.0%)
[Performance] InitializeOnLoad RealtimeProbeSubdivisionDebug                                                                                               :        1 samples, Peak.   447 us (1.0x), Avg.   447 us, Total. 446.8 us (0.0%)
[Performance] InitializeOnLoad ProbeGIBaking                                                                                                               :        1 samples, Peak.  1.87 ms (1.0x), Avg.  1.87 ms, Total. 1.865 ms (0.0%)
[Performance] InitializeOnLoad FilterWindow                                                                                                                :        1 samples, Peak.  30.5 us (1.0x), Avg.  30.5 us, Total. 30.50 us (0.0%)
[Performance] InitializeOnLoad CoverageReporterStarter                                                                                                     :        1 samples, Peak.  4.40 ms (1.0x), Avg.  4.40 ms, Total. 4.401 ms (0.0%)
[Performance] InitializeOnLoad XRGeneralSettingsPerBuildTarget                                                                                             :        1 samples, Peak.   486 us (1.0x), Avg.   486 us, Total. 486.2 us (0.0%)
[Performance] InitializeOnLoad XRLegacyUninstaller                                                                                                         :        1 samples, Peak.  5.50 ms (1.0x), Avg.  5.50 ms, Total. 5.497 ms (0.0%)
[Performance] InitializeOnLoad XRPackageInitializationBootstrap                                                                                            :        1 samples, Peak.  65.3 us (1.0x), Avg.  65.3 us, Total. 65.30 us (0.0%)
[Performance] InitializeOnLoad XRPackageMetadataStore                                                                                                      :        1 samples, Peak.   304 us (1.0x), Avg.   304 us, Total. 304.2 us (0.0%)
[Performance] InitializeOnLoad WitUnderstandingViewerVoiceServiceAPI                                                                                       :        1 samples, Peak.   304 us (1.0x), Avg.   304 us, Total. 303.6 us (0.0%)
[Performance] InitializeOnLoad VSCodeScriptEditor                                                                                                          :        1 samples, Peak.  4.11 ms (1.0x), Avg.  4.11 ms, Total. 4.111 ms (0.0%)
[Performance] InitializeOnLoad InputLayoutLoader                                                                                                           :        1 samples, Peak.  1.06 ms (1.0x), Avg.  1.06 ms, Total. 1.055 ms (0.0%)
[Performance] InitializeOnLoad OculusEnterPlayModeSettingsCheck                                                                                            :        1 samples, Peak.   134 us (1.0x), Avg.   134 us, Total. 133.6 us (0.0%)
[Performance] InitializeOnLoad NodeClassCache                                                                                                              :        1 samples, Peak.  6.40 us (1.0x), Avg.  6.40 us, Total. 6.400 us (0.0%)
[Performance] InitializeOnLoad ShaderGraphMaterialsUpdater                                                                                                 :        2 samples, Peak.   279 us (1.5x), Avg.   188 us, Total. 375.2 us (0.0%)
[Performance] InitializeOnLoad EditorToolManager                                                                                                           :        1 samples, Peak.  2.49 ms (1.0x), Avg.  2.49 ms, Total. 2.493 ms (0.0%)
[Performance] InitializeOnLoad Renderer2DAnalytics                                                                                                         :        1 samples, Peak.  91.3 us (1.0x), Avg.  91.3 us, Total. 91.30 us (0.0%)
[Performance] InitializeOnLoad RendererDataPatcher                                                                                                         :        1 samples, Peak.   134 ms (1.0x), Avg.   134 ms, Total. 134.1 ms (0.6%)
[Performance] InitializeOnLoad PlasticPlugin                                                                                                               :        1 samples, Peak.  63.1 ms (1.0x), Avg.  63.1 ms, Total. 63.13 ms (0.3%)
[Performance] InitializeOnLoad VSUsageUtility                                                                                                              :        1 samples, Peak.  33.6 ms (1.0x), Avg.  33.6 ms, Total. 33.57 ms (0.2%)
[Performance] InitializeOnLoad ONSPAudioPluginUpdater                                                                                                      :        1 samples, Peak.  1.89 ms (1.0x), Avg.  1.89 ms, Total. 1.888 ms (0.0%)
[Performance] InitializeOnLoad ToolbarBootstrap                                                                                                            :        1 samples, Peak.   464 us (1.0x), Avg.   464 us, Total. 464.3 us (0.0%)
[Performance] InitializeOnLoad VisualStudioEditor                                                                                                          :        1 samples, Peak.  7.28 ms (1.0x), Avg.  7.28 ms, Total. 7.281 ms (0.0%)
[Performance] InitializeOnLoad VisualStudioIntegration                                                                                                     :        1 samples, Peak.  2.84 ms (1.0x), Avg.  2.84 ms, Total. 2.845 ms (0.0%)
[Performance] InitializeOnLoad TestRunnerApiListener                                                                                                       :        1 samples, Peak.   772 us (1.0x), Avg.   772 us, Total. 772.2 us (0.0%)
[Performance] InitializeOnLoad LogPreferences                                                                                                              :        1 samples, Peak.   288 us (1.0x), Avg.   288 us, Total. 287.5 us (0.0%)
[Performance] InitializeOnLoad EntityVisibility                                                                                                            :        1 samples, Peak.   226 us (1.0x), Avg.   226 us, Total. 226.4 us (0.0%)
[Performance] InitializeOnLoad VertexManipulationToolSettings                                                                                              :        1 samples, Peak.  53.8 us (1.0x), Avg.  53.8 us, Total. 53.80 us (0.0%)
[Performance] InitializeOnLoad UndoUtility                                                                                                                 :        1 samples, Peak.  78.4 us (1.0x), Avg.  78.4 us, Total. 78.40 us (0.0%)
[Performance] InitializeOnLoad MeshSelection                                                                                                               :        1 samples, Peak.  3.76 ms (1.0x), Avg.  3.76 ms, Total. 3.763 ms (0.0%)
[Performance] InitializeOnLoad DestroyListener                                                                                                             :        1 samples, Peak.   157 us (1.0x), Avg.   157 us, Total. 157.0 us (0.0%)
[Performance] InitializeOnLoad VersionValidator                                                                                                            :        1 samples, Peak.   289 us (1.0x), Avg.   289 us, Total. 289.0 us (0.0%)
[Performance] InitializeOnLoad HierarchyListener                                                                                                           :        1 samples, Peak.   194 us (1.0x), Avg.   194 us, Total. 193.6 us (0.0%)
[Performance] InitializeOnLoad Lightmapping                                                                                                                :        1 samples, Peak.   368 us (1.0x), Avg.   368 us, Total. 368.0 us (0.0%)
[Performance] InitializeOnLoad SceneDragAndDropListener                                                                                                    :        1 samples, Peak.   312 us (1.0x), Avg.   312 us, Total. 312.4 us (0.0%)
[Performance] InitializeOnLoad ProGridsInterface                                                                                                           :        1 samples, Peak.  1.61 ms (1.0x), Avg.  1.61 ms, Total. 1.608 ms (0.0%)
[Performance] InitializeOnLoad OVRLint                                                                                                                     :        1 samples, Peak.   304 us (1.0x), Avg.   304 us, Total. 303.9 us (0.0%)
[Performance] InitializeOnLoad OVRTelemetryPopup                                                                                                           :        1 samples, Peak.  84.3 us (1.0x), Avg.  84.3 us, Total. 84.30 us (0.0%)
[Performance] InitializeOnLoad OVRProjectSetupMovementSDKTasks2                                                                                            :        1 samples, Peak.  10.4 ms (1.0x), Avg.  10.4 ms, Total. 10.41 ms (0.1%)
[Performance] InitializeOnLoad OVRProjectSetupUpdater                                                                                                      :        1 samples, Peak.  2.30 us (1.0x), Avg.  2.30 us, Total. 2.300 us (0.0%)
[Performance] InitializeOnLoad OVREngineConfigurationUpdater                                                                                               :        1 samples, Peak.  1.14 ms (1.0x), Avg.  1.14 ms, Total. 1.135 ms (0.0%)
[Performance] InitializeOnLoad OVRProjectSetupPassthrough                                                                                                  :        1 samples, Peak.  2.84 ms (1.0x), Avg.  2.84 ms, Total. 2.844 ms (0.0%)
[Performance] InitializeOnLoad OVRGradleGeneration                                                                                                         :        1 samples, Peak.   123 us (1.0x), Avg.   123 us, Total. 123.4 us (0.0%)
[Performance] InitializeOnLoad OVREditorStart                                                                                                              :        1 samples, Peak.  22.5 ms (1.0x), Avg.  22.5 ms, Total. 22.52 ms (0.1%)
[Performance] InitializeOnLoad OVRProjectSetupSceneTasks                                                                                                   :        1 samples, Peak.  18.4 ms (1.0x), Avg.  18.4 ms, Total. 18.43 ms (0.1%)
[Performance] InitializeOnLoad OculusBuildApp                                                                                                              :        1 samples, Peak.  18.8 us (1.0x), Avg.  18.8 us, Total. 18.80 us (0.0%)
[Performance] InitializeOnLoad OVRProjectSetupRenderingTasks                                                                                               :        1 samples, Peak.  18.3 ms (1.0x), Avg.  18.3 ms, Total. 18.29 ms (0.1%)
[Performance] InitializeOnLoad OVRProjectConfig                                                                                                            :        1 samples, Peak.   155 us (1.0x), Avg.   155 us, Total. 154.8 us (0.0%)
[Performance] InitializeOnLoad OVRProjectSetupStatusIcon                                                                                                   :        1 samples, Peak.   521 us (1.0x), Avg.   521 us, Total. 520.9 us (0.0%)
[Performance] InitializeOnLoad OVRProjectSetupCompatibilityTasks                                                                                           :        1 samples, Peak.  1.30 us (1.0x), Avg.  1.30 us, Total. 1.300 us (0.0%)
[Performance] InitializeOnLoad OVRPluginUpdater                                                                                                            :        1 samples, Peak.   137 us (1.0x), Avg.   137 us, Total. 137.4 us (0.0%)
[Performance] InitializeOnLoad OVRProjectSetupPhysicsTasks                                                                                                 :        1 samples, Peak.   326 us (1.0x), Avg.   326 us, Total. 326.5 us (0.0%)
[Performance] InitializeOnLoad OVRConfig                                                                                                                   :        1 samples, Peak.  3.90 us (1.0x), Avg.  3.90 us, Total. 3.900 us (0.0%)
[Performance] InitializeOnLoad OVRProjectSetupQualityTasks                                                                                                 :        1 samples, Peak.   578 us (1.0x), Avg.   578 us, Total. 578.2 us (0.0%)
[Performance] InitializeOnLoad OVREditorShutdown                                                                                                           :        1 samples, Peak.   151 us (1.0x), Avg.   151 us, Total. 151.4 us (0.0%)
[Performance] InitializeOnLoad OVRPlatformToolSettings                                                                                                     :        1 samples, Peak.   137 us (1.0x), Avg.   137 us, Total. 136.7 us (0.0%)
[Performance] InitializeOnLoad ConsoleLinkEventHandler                                                                                                     :        1 samples, Peak.  1.40 us (1.0x), Avg.  1.40 us, Total. 1.400 us (0.0%)
[Performance] InitializeOnLoad OVRProjectSetupXRTasks                                                                                                      :        1 samples, Peak.   799 us (1.0x), Avg.   799 us, Total. 798.9 us (0.0%)
[Performance] InitializeOnLoad OVRProjectSetupMovementSDKConfigurationTasks                                                                                :        1 samples, Peak.   941 us (1.0x), Avg.   941 us, Total. 941.2 us (0.0%)
[Performance] InitializeOnLoad StarterAssetsSampleProjectValidation.RegisterProjectValidationRules                                                         :        1 samples, Peak.  1.81 ms (1.0x), Avg.  1.81 ms, Total. 1.807 ms (0.0%)
[Performance] InitializeOnLoad OculusLoader.EditorLoadOVRPlugin                                                                                            :        1 samples, Peak.  4.52 ms (1.0x), Avg.  4.52 ms, Total. 4.521 ms (0.0%)
[Performance] InitializeOnLoad ProBuilderSettings.SaveSettingsOnExit                                                                                       :        1 samples, Peak.  72.5 us (1.0x), Avg.  72.5 us, Total. 72.50 us (0.0%)
[Performance] InitializeOnLoad MaterialReimporter.RegisterUpgraderReimport                                                                                 :        2 samples, Peak.   184 us (1.8x), Avg.   105 us, Total. 209.4 us (0.0%)
[Performance] InitializeOnLoad $BurstDirectCallInitializer.Initialize                                                                                      :        1 samples, Peak.  16.7 ms (1.0x), Avg.  16.7 ms, Total. 16.67 ms (0.1%)
[Performance] InitializeOnLoad TestJobDataHolder.ResumeRunningJobs                                                                                         :        1 samples, Peak.  2.13 ms (1.0x), Avg.  2.13 ms, Total. 2.130 ms (0.0%)
[Performance] InitializeOnLoad AnalyticsReporter.RegisterCallbacks                                                                                         :        1 samples, Peak.   386 us (1.0x), Avg.   386 us, Total. 386.2 us (0.0%)
[Performance] InitializeOnLoad VolumeGizmoDrawer.InitVolumeGizmoCallbacks                                                                                  :        1 samples, Peak.   426 us (1.0x), Avg.   426 us, Total. 426.2 us (0.0%)
[Performance] InitializeOnLoad CoreRenderPipelinePreferences.InitPreferenceProviders                                                                       :        1 samples, Peak.  11.5 ms (1.0x), Avg.  11.5 ms, Total. 11.45 ms (0.1%)
[Performance] InitializeOnLoad DebugManagerWindowLifetimeAnalytic.SubscribeToDebugManagerOpenCloseWindows                                                  :        1 samples, Peak.   726 us (1.0x), Avg.   726 us, Total. 726.2 us (0.0%)
[Performance] InitializeOnLoad SampleMetadata.OnScriptReloaded                                                                                             :        1 samples, Peak.  92.2 us (1.0x), Avg.  92.2 us, Total. 92.20 us (0.0%)
[Performance] DidReloadScriptsWitConfigurationEditor.OnScriptsReloaded                                                                                     :        1 samples, Peak.  5.96 ms (1.0x), Avg.  5.96 ms, Total. 5.964 ms (0.0%)
[Performance] DidReloadScriptsAdvancedDropdownWindow.OnScriptReload                                                                                        :        2 samples, Peak.   241 us (1.1x), Avg.   210 us, Total. 420.6 us (0.0%)
[Performance] DidReloadScriptsPackageVersionUtility.OnReloadScripts                                                                                        :        1 samples, Peak.   126 us (1.0x), Avg.   126 us, Total. 126.0 us (0.0%)
[Performance] DidReloadScriptsTestRunnerWindow.CompilationCallback                                                                                         :        1 samples, Peak.   155 us (1.0x), Avg.   155 us, Total. 155.0 us (0.0%)
[Performance] DidReloadScriptsTestListCache.ScriptReloaded                                                                                                 :        1 samples, Peak.  1.73 ms (1.0x), Avg.  1.73 ms, Total. 1.727 ms (0.0%)
[Performance] DidReloadScriptsDebugWindow.OnEditorReload                                                                                                   :        1 samples, Peak.  4.60 ms (1.0x), Avg.  4.60 ms, Total. 4.599 ms (0.0%)
[Performance] DidReloadScriptsVolumeComponentEditor.OnEditorReload                                                                                         :        1 samples, Peak.  16.9 ms (1.0x), Avg.  16.9 ms, Total. 16.92 ms (0.1%)
[Performance] DidReloadScriptsLookDev.OnEditorReload                                                                                                       :        1 samples, Peak.   216 us (1.0x), Avg.   216 us, Total. 215.6 us (0.0%)
[Performance] DidReloadScriptsOVRManager.ScriptsReloaded                                                                                                   :        1 samples, Peak.  23.0 us (1.0x), Avg.  23.0 us, Total. 23.00 us (0.0%)
[Performance] AssemblyReloadEvents.afterAssemblyReload: UnityEditor.XR.Management.Metadata.XRPackageMetadataStore.AssemblyReloadEvents_afterAssemblyReload :        1 samples, Peak.  2.55 ms (1.0x), Avg.  2.55 ms, Total. 2.555 ms (0.0%)
[Performance] AssemblyReloadEvents.afterAssemblyReload: UnityEditor.ProBuilder.HierarchyListener.OnAfterAssemblyReload                                     :        1 samples, Peak.   159 us (1.0x), Avg.   159 us, Total. 159.0 us (0.0%)
[Performance] StateMacroSavedEvent.OnWillSaveAssets                                                                                                        :        3 samples, Peak.   230 us (2.6x), Avg.  90.1 us, Total. 270.4 us (0.0%)
[Performance] FlowMacroSavedEvent.OnWillSaveAssets                                                                                                         :        3 samples, Peak.   135 us (2.9x), Avg.  46.6 us, Total. 139.8 us (0.0%)
[Performance] AssetModificationProcessor.OnWillSaveAssets                                                                                                  :        3 samples, Peak.   257 us (3.0x), Avg.  86.8 us, Total. 260.4 us (0.0%)
[Performance] BuilderAssetModificationProcessor.OnWillSaveAssets                                                                                           :        3 samples, Peak.  1.29 ms (3.0x), Avg.   432 us, Total. 1.297 ms (0.0%)
[Performance] TerrainModificationProcessor.OnWillSaveAssets                                                                                                :        3 samples, Peak.   584 us (3.0x), Avg.   196 us, Total. 587.3 us (0.0%)
[Performance] VersionControl.Task.Wait                                                                                                                     :        1 samples, Peak.  17.7 us (1.0x), Avg.  17.7 us, Total. 17.70 us (0.0%)
[Performance] AssetDatabase.ImportAssets                                                                                                                   :        6 samples, Peak.  14.6 us (5.0x), Avg.  2.92 us, Total. 17.50 us (0.0%)
[Performance] WitConfigurationPostprocessor.OnPostprocessAllAssets                                                                                         :        4 samples, Peak.   249 us (2.6x), Avg.  97.5 us, Total. 389.8 us (0.0%)
[Performance] AudioImportPostProcessor.OnPostprocessAllAssets                                                                                              :        4 samples, Peak.  1.04 ms (2.0x), Avg.   521 us, Total. 2.083 ms (0.0%)
[Performance] TMPro_TexturePostProcessor.OnPostprocessAllAssets                                                                                            :        4 samples, Peak.   328 us (1.9x), Avg.   170 us, Total. 681.5 us (0.0%)
[Performance] AssetPostprocessor.OnPostprocessAllAssets                                                                                                    :        4 samples, Peak.   220 us (2.0x), Avg.   111 us, Total. 442.8 us (0.0%)
[Performance] BuilderAssetPostprocessor.OnPostprocessAllAssets                                                                                             :        4 samples, Peak.  4.07 ms (2.0x), Avg.  2.05 ms, Total. 8.184 ms (0.0%)
[Performance] ArtifactBrowserPostProcessor.OnPostprocessAllAssets                                                                                          :        4 samples, Peak.   456 us (2.0x), Avg.   229 us, Total. 916.0 us (0.0%)
[Performance] AssetEvents.OnPostprocessAllAssets                                                                                                           :        8 samples, Peak.   192 us (2.9x), Avg.  66.5 us, Total. 532.3 us (0.0%)
[Performance] AudioMixerPostprocessor.OnPostprocessAllAssets                                                                                               :        4 samples, Peak.   475 us (2.0x), Avg.   239 us, Total. 954.2 us (0.0%)
[Performance] StyleCatalogPostProcessor.OnPostprocessAllAssets                                                                                             :        4 samples, Peak.  27.3 ms (2.0x), Avg.  13.6 ms, Total. 54.52 ms (0.3%)
[Performance] BuildCatalog                                                                                                                                 :        1 samples, Peak.  26.1 ms (1.0x), Avg.  26.1 ms, Total. 26.05 ms (0.1%)
[Performance] ModelImporterPostProcessor.OnPostprocessAllAssets                                                                                            :        4 samples, Peak.  1.31 ms (2.0x), Avg.   659 us, Total. 2.638 ms (0.0%)
[Performance] MaterialPostprocessor.OnPostprocessAllAssets                                                                                                 :        8 samples, Peak.   756 us (2.3x), Avg.   329 us, Total. 2.630 ms (0.0%)
[Performance] RetainedModeAssetPostprocessor.OnPostprocessAllAssets                                                                                        :        4 samples, Peak.  2.05 ms (2.0x), Avg.  1.03 ms, Total. 4.130 ms (0.0%)
[Performance] AssetChangedListener.OnPostprocessAllAssets                                                                                                  :        4 samples, Peak.  1.33 ms (2.0x), Avg.   671 us, Total. 2.683 ms (0.0%)
[Performance] PostProcessor.OnPostprocessAllAssets                                                                                                         :        4 samples, Peak.   256 us (1.9x), Avg.   132 us, Total. 526.2 us (0.0%)
[Performance] ShaderGraphAssetPostProcessor.OnPostprocessAllAssets                                                                                         :        4 samples, Peak.  1.32 ms (1.9x), Avg.   679 us, Total. 2.715 ms (0.0%)
[Performance] SpeedTreePostProcessor.OnPostprocessAllAssets                                                                                                :        4 samples, Peak.   157 us (1.9x), Avg.  80.5 us, Total. 321.8 us (0.0%)
[Performance] TextAssetPostProcessor.OnPostprocessAllAssets                                                                                                :        4 samples, Peak.   272 us (2.0x), Avg.   138 us, Total. 550.6 us (0.0%)
[Performance] AssetCallbacks.OnPostprocessAllAssets                                                                                                        :        4 samples, Peak.  94.1 ms (2.0x), Avg.  47.1 ms, Total. 188.3 ms (0.9%)
[Performance] SyncVS.PostprocessSyncProject                                                                                                                :        2 samples, Peak.  3.70 ms (2.0x), Avg.  1.89 ms, Total. 3.773 ms (0.0%)
[Performance] EditorApplication.projectChanged: UnityEditor.Audio.MixerEffectDefinitionReloader.OnProjectChanged                                           :        1 samples, Peak.   432 us (1.0x), Avg.   432 us, Total. 432.1 us (0.0%)
[Performance] EditorApplication.projectChanged: UnityEngine.InputSystem.LowLevel.NativeInputRuntime.OnProjectChanged                                       :        1 samples, Peak.   315 us (1.0x), Avg.   315 us, Total. 314.7 us (0.0%)
[Performance] Selection.selectionChanged: UnityEditor.PackageManager.UI.Internal.SelectionProxy.OnSelectionChanged                                         :        4 samples, Peak.   673 us (3.8x), Avg.   177 us, Total. 707.5 us (0.0%)
[Performance] Selection.selectionChanged: UnityEditorInternal.EditMode.OnSelectionChange                                                                   :        4 samples, Peak.   269 us (4.0x), Avg.  67.8 us, Total. 271.3 us (0.0%)
[Performance] Selection.selectionChanged: UnityEditor.ProBuilder.MeshSelection.OnObjectSelectionChanged                                                    :        4 samples, Peak.  72.3 us (2.8x), Avg.  26.1 us, Total. 104.4 us (0.0%)
[Performance] Application.ImportPackagesAndSetTemplateWhenCreatingProject                                                                                  :        1 samples, Peak.  11.6 ms (1.0x), Avg.  11.6 ms, Total. 11.57 ms (0.1%)
[Performance] Application.SyncCurrentColorSpace                                                                                                            :        1 samples, Peak.   198 ms (1.0x), Avg.   198 ms, Total. 197.8 ms (1.0%)
[Performance] Application.OnUsbDevicesChanged                                                                                                              :        1 samples, Peak.  1.41 ms (1.0x), Avg.  1.41 ms, Total. 1.407 ms (0.0%)
[Performance] Application.AssetInstanceCacheUpdate                                                                                                         :        1 samples, Peak.   400 ns (1.0x), Avg.   400 ns, Total. 400.0 ns (0.0%)
[Performance] Application.UnityExtensions.Initialize                                                                                                       :        1 samples, Peak.  7.77 ms (1.0x), Avg.  7.77 ms, Total. 7.774 ms (0.0%)
[Performance] CodeEditorProjectSync.SyncEditorProject                                                                                                      :        1 samples, Peak.   444 ms (1.0x), Avg.   444 ms, Total. 444.3 ms (2.1%)
[Performance] Application.ExecuteStartups                                                                                                                  :        1 samples, Peak.  71.6 ms (1.0x), Avg.  71.6 ms, Total. 71.64 ms (0.3%)
[Performance] Menu.RegisterMenuInterface                                                                                                                   :       26 samples, Peak.  2.00 us (8.5x), Avg.   235 ns, Total. 6.100 us (0.0%)
[Performance] Gizmo.RebuildRenderers                                                                                                                       :        1 samples, Peak.  69.7 ms (1.0x), Avg.  69.7 ms, Total. 69.65 ms (0.3%)
[Performance] Gizmo.AddGizmoRenderers                                                                                                                      :      155 samples, Peak.  1.84 ms (86.7x), Avg.  21.3 us, Total. 3.295 ms (0.0%)
[Performance] Application.editorInitializingProject                                                                                                        :        1 samples, Peak.  83.5 ms (1.0x), Avg.  83.5 ms, Total. 83.51 ms (0.4%)
[Performance] Application.InitializeMenu                                                                                                                   :        1 samples, Peak.   192 ms (1.0x), Avg.   192 ms, Total. 191.8 ms (0.9%)
[Performance] Menu.RebuildAll                                                                                                                              :        1 samples, Peak.   192 ms (1.0x), Avg.   192 ms, Total. 191.8 ms (0.9%)
[Performance] Menu.BuildRegisteredMenuInterfaces                                                                                                           :        1 samples, Peak.   188 ms (1.0x), Avg.   188 ms, Total. 187.7 ms (0.9%)
[Performance] Menu.FilterMenuItem                                                                                                                          :     1590 samples, Peak.  30.3 ms (1022.2x), Avg.  29.6 us, Total. 47.13 ms (0.2%)
[Performance] UpdateAllMenus                                                                                                                               :        1 samples, Peak.   856 us (1.0x), Avg.   856 us, Total. 855.8 us (0.0%)
[Performance] Menu.RebuildOSMainMenu                                                                                                                       :        2 samples, Peak.  3.11 ms (1.0x), Avg.  3.01 ms, Total. 6.023 ms (0.0%)
[Performance] EditorSceneManager.sceneClosing: UnityEditor.SceneVisibilityManager.EditorSceneManagerOnSceneClosing                                         :        2 samples, Peak.   261 us (1.9x), Avg.   138 us, Total. 276.4 us (0.0%)
[Performance] GUIView.RepaintAll.PlayerLoopController                                                                                                      :        1 samples, Peak.   900 ns (1.0x), Avg.   900 ns, Total. 900.0 ns (0.0%)
[Performance] EditorSceneManager.newSceneCreated: UnityEditor.SceneTemplate.SceneTemplateService.OnNewSceneCreated                                         :        1 samples, Peak.   315 us (1.0x), Avg.   315 us, Total. 315.4 us (0.0%)
[Performance] EditorSceneManager.newSceneCreated: UnityEditor.SceneVisibilityManager.EditorSceneManagerOnNewSceneCreated                                   :        1 samples, Peak.   217 us (1.0x), Avg.   217 us, Total. 217.5 us (0.0%)
[Performance] EditorSceneManager.newSceneCreated: UnityEditor.SceneManagement.StageNavigationManager.OnNewSceneCreated                                     :        1 samples, Peak.  74.9 us (1.0x), Avg.  74.9 us, Total. 74.90 us (0.0%)
[Performance] Application.InvokeFinishedLoadingProject                                                                                                     :        1 samples, Peak.  15.5 ms (1.0x), Avg.  15.5 ms, Total. 15.52 ms (0.1%)
[Performance] ProcessService.OnProjectLoaded                                                                                                               :        1 samples, Peak.  95.7 us (1.0x), Avg.  95.7 us, Total. 95.70 us (0.0%)
[Performance] EditorSceneManager.sceneOpening: UnityEditor.SceneVisibilityManager.EditorSceneManagerOnSceneOpening                                         :        1 samples, Peak.   125 us (1.0x), Avg.   125 us, Total. 124.7 us (0.0%)
[Performance] Inspector.InitOrRebuild                                                                                                                      :        3 samples, Peak.  27.7 ms (2.7x), Avg.  10.3 ms, Total. 30.80 ms (0.1%)
[Performance] EditorSceneManager.sceneOpened: callback in Oculus.Interaction.Editor.UnityObjectAddedBroadcaster                                            :        1 samples, Peak.  39.2 ms (1.0x), Avg.  39.2 ms, Total. 39.22 ms (0.2%)
[Performance] EditorSceneManager.sceneOpened: OVRProjectSetupUpdater.OnEditorSceneManagerSceneOpened                                                       :        1 samples, Peak.  4.51 ms (1.0x), Avg.  4.51 ms, Total. 4.510 ms (0.0%)
[Performance] EditorSceneManager.sceneOpened: UnityEditor.SceneTemplate.SceneTemplateService.OnSceneOpened                                                 :        1 samples, Peak.   108 us (1.0x), Avg.   108 us, Total. 107.7 us (0.0%)
[Performance] EditorSceneManager.sceneOpened: UnityEditor.SceneVisibilityManager.EditorSceneManagerOnSceneOpened                                           :        1 samples, Peak.  87.0 us (1.0x), Avg.  87.0 us, Total. 87.00 us (0.0%)
[Performance] EditorSceneManager.sceneOpened: UnityEditor.SceneManagement.StageNavigationManager.OnSceneOpened                                             :        1 samples, Peak.  67.3 us (1.0x), Avg.  67.3 us, Total. 67.30 us (0.0%)
[Performance] SceneDataContainer.TransformHierarchyChangedSetParentCallback                                                                                :     5028 samples, Peak.  13.9 us (38.0x), Avg.   366 ns, Total. 1.840 ms (0.0%)
[Performance] SceneVisibilityState.IsFlagSetInParents                                                                                                      :    10521 samples, Peak.  9.00 us (63.5x), Avg.   142 ns, Total. 1.490 ms (0.0%)
[Performance] EditorSceneManager.sceneSaving: UnityEditor.SceneTemplate.SceneTemplateService.OnSceneSaving                                                 :        1 samples, Peak.   260 us (1.0x), Avg.   260 us, Total. 260.4 us (0.0%)
[Performance] EditorSceneManager.sceneSaving: UnityEditor.SceneVisibilityManager.EditorSceneManagerOnSceneSaving                                           :        1 samples, Peak.   112 us (1.0x), Avg.   112 us, Total. 111.5 us (0.0%)
[Performance] MaterialModificationProcessor.OnWillCreateAsset                                                                                              :        2 samples, Peak.   194 us (1.2x), Avg.   165 us, Total. 330.6 us (0.0%)
[Performance] AssetDatabase.ImportAsset                                                                                                                    :        1 samples, Peak.   110 ms (1.0x), Avg.   110 ms, Total. 109.5 ms (0.5%)
[Performance] EditorSceneManager.sceneSaved: UnityEditor.SceneTemplate.SceneTemplateService.OnSceneSaved                                                   :        1 samples, Peak.  55.7 ms (1.0x), Avg.  55.7 ms, Total. 55.75 ms (0.3%)
[Performance] EditorSceneManager.sceneSaved: UnityEditor.SceneVisibilityManager.EditorSceneManagerOnSceneSaved                                             :        1 samples, Peak.   126 us (1.0x), Avg.   126 us, Total. 126.1 us (0.0%)
[Performance] Application.Shutdown.SaveDefaultWindowPreferences                                                                                            :        1 samples, Peak.  47.4 us (1.0x), Avg.  47.4 us, Total. 47.40 us (0.0%)
[Performance] Application.Shutdown.SaveSceneManagerSetup                                                                                                   :        1 samples, Peak.   190 us (1.0x), Avg.   190 us, Total. 189.8 us (0.0%)
[Performance] Application.Shutdown.CleanupAllContainerWindows                                                                                              :        1 samples, Peak.  15.9 us (1.0x), Avg.  15.9 us, Total. 15.90 us (0.0%)
[Performance] EditorApplication.quitting: Unity.Burst.Editor.BurstLoader.OnEditorApplicationQuitting                                                       :        1 samples, Peak.  22.5 us (1.0x), Avg.  22.5 us, Total. 22.50 us (0.0%)
[Performance] EditorApplication.quitting: UnityEditor.SettingsManagement.FileSettingsRepository.Save                                                       :        2 samples, Peak.  1.01 ms (1.0x), Avg.   965 us, Total. 1.929 ms (0.0%)
[Performance] EditorApplication.quitting: OVRPlugin.OnEditorShutdown                                                                                       :        1 samples, Peak.  3.87 ms (1.0x), Avg.  3.87 ms, Total. 3.874 ms (0.0%)
[Performance] EditorApplication.quitting: UnityEditor.ProBuilder.ProBuilderSettings.Save                                                                   :        1 samples, Peak.   673 us (1.0x), Avg.   673 us, Total. 673.0 us (0.0%)
[Performance] EditorApplication.quitting: callback in UnityEditor.TextCore.Text.EditorEventCallbacks                                                       :        1 samples, Peak.  17.9 ms (1.0x), Avg.  17.9 ms, Total. 17.89 ms (0.1%)
[Performance] Application.Shutdown.PauseProfilerSession                                                                                                    :        1 samples, Peak.  44.4 us (1.0x), Avg.  44.4 us, Total. 44.40 us (0.0%)
[Performance] Application.Shutdown.PauseAssetImportWorkers                                                                                                 :        1 samples, Peak.   611 us (1.0x), Avg.   611 us, Total. 611.1 us (0.0%)
[Performance] Application.Shutdown.SaveAssets                                                                                                              :        1 samples, Peak.  8.74 ms (1.0x), Avg.  8.74 ms, Total. 8.738 ms (0.0%)
[Performance] Application.Shutdown.CleanupRenderPipeline                                                                                                   :        1 samples, Peak.  9.60 us (1.0x), Avg.  9.60 us, Total. 9.600 us (0.0%)
[Performance] Application.Shutdown.StopPreloadManager                                                                                                      :        1 samples, Peak.  9.96 ms (1.0x), Avg.  9.96 ms, Total. 9.960 ms (0.0%)
[Performance] Application.Shutdown.DestroyWorld                                                                                                            :        1 samples, Peak.   195 ms (1.0x), Avg.   195 ms, Total. 195.2 ms (0.9%)
[Performance] Application.Shutdown.CleanupAfterLoad                                                                                                        :        1 samples, Peak.   232 ms (1.0x), Avg.   232 ms, Total. 232.2 ms (1.1%)
[Performance] Application.Shutdown.Progress                                                                                                                :        1 samples, Peak.  8.40 us (1.0x), Avg.  8.40 us, Total. 8.400 us (0.0%)
[Performance] Application.Shutdown.GICleanupManagers                                                                                                       :        1 samples, Peak.  1.18 ms (1.0x), Avg.  1.18 ms, Total. 1.182 ms (0.0%)
[Performance] Application.Shutdown.MenuCleanupClass                                                                                                        :        1 samples, Peak.   666 us (1.0x), Avg.   666 us, Total. 665.9 us (0.0%)
[Performance] Application.Shutdown.ADBSaveStateBeforeShutdown                                                                                              :        1 samples, Peak.  13.1 us (1.0x), Avg.  13.1 us, Total. 13.10 us (0.0%)
[Performance] Application.Shutdown.RemoteShutdown                                                                                                          :        1 samples, Peak.  1.40 us (1.0x), Avg.  1.40 us, Total. 1.400 us (0.0%)
[Performance] Application.Shutdown.CleanupVCProvider                                                                                                       :        1 samples, Peak.  20.6 us (1.0x), Avg.  20.6 us, Total. 20.60 us (0.0%)
[Performance] Application.Shutdown.InputShutdown                                                                                                           :        1 samples, Peak.   400 ns (1.0x), Avg.   400 ns, Total. 400.0 ns (0.0%)
[Performance] Application.Shutdown.GizmoManagerDestroy                                                                                                     :        1 samples, Peak.  1.07 ms (1.0x), Avg.  1.07 ms, Total. 1.075 ms (0.0%)
[Performance] Application.Shutdown.ProfilerSession                                                                                                         :        1 samples, Peak.   160 us (1.0x), Avg.   160 us, Total. 159.9 us (0.0%)
[Performance] Application.Shutdown.ReleaseGfxWindowOnAllGUIViews                                                                                           :        1 samples, Peak.  3.20 us (1.0x), Avg.  3.20 us, Total. 3.200 us (0.0%)
[Performance] Application.Shutdown.CleanupEngine                                                                                                           :        1 samples, Peak.   200 ms (1.0x), Avg.   200 ms, Total. 200.2 ms (1.0%)
[Performance] Application.Shutdown.CleanupAssetDatabase                                                                                                    :        1 samples, Peak.  25.9 ms (1.0x), Avg.  25.9 ms, Total. 25.90 ms (0.1%)
[Performance] Application.Shutdown.ScriptCompilationCleanUp                                                                                                :        1 samples, Peak.  16.2 ms (1.0x), Avg.  16.2 ms, Total. 16.19 ms (0.1%)
[Performance] Application.Shutdown.DestroyJobSystem                                                                                                        :        1 samples, Peak.  70.6 us (1.0x), Avg.  70.6 us, Total. 70.60 us (0.0%)
[Performance] Application.Shutdown.CleanupPersistentManager                                                                                                :        1 samples, Peak.  10.8 ms (1.0x), Avg.  10.8 ms, Total. 10.77 ms (0.1%)
[Performance] Application.Shutdown.CleanupAsyncReadManager                                                                                                 :        1 samples, Peak.  3.38 ms (1.0x), Avg.  3.38 ms, Total. 3.379 ms (0.0%)
[Performance] Application.Shutdown.CleanupProgressBar                                                                                                      :        1 samples, Peak.   800 ns (1.0x), Avg.   800 ns, Total. 800.0 ns (0.0%)
[Performance] Application.Shutdown.CleanupMono                                                                                                             :        1 samples, Peak.   192 ms (1.0x), Avg.   192 ms, Total. 192.2 ms (0.9%)
[Performance] Application.Shutdown.CleanupStdConverters                                                                                                    :        1 samples, Peak.  17.6 us (1.0x), Avg.  17.6 us, Total. 17.60 us (0.0%)
[Performance] Application.Shutdown.UnloadAllPlatformSupportModuleNativeDlls                                                                                :        1 samples, Peak.  1.00 us (1.0x), Avg.  1.00 us, Total. 1.000 us (0.0%)
[Performance] Application.Shutdown.UnloadAllPlatformSupportNativeLibraries                                                                                 :        1 samples, Peak.   100 ns (1.0x), Avg.   100 ns, Total. 100.0 ns (0.0%)
[Performance] Application.Shutdown.CleanupAutoDocumentation                                                                                                :        1 samples, Peak.   509 us (1.0x), Avg.   509 us, Total. 508.9 us (0.0%)
[Performance] Application.Shutdown.ShaderNameManagerDestroy                                                                                                :        1 samples, Peak.  74.7 us (1.0x), Avg.  74.7 us, Total. 74.70 us (0.0%)
[Performance] Application.Shutdown.CleanupCacheServer                                                                                                      :        1 samples, Peak.   700 ns (1.0x), Avg.   700 ns, Total. 700.0 ns (0.0%)
[Performance] Application.Shutdown.Virtualization_Shutdown                                                                                                 :        1 samples, Peak.   500 ns (1.0x), Avg.   500 ns, Total. 500.0 ns (0.0%)
[Performance] Application.Shutdown.DevConnections                                                                                                          :        1 samples, Peak.   190 us (1.0x), Avg.   190 us, Total. 189.6 us (0.0%)
Checking for leaked weakptr:
  Found no leaked weakptrs.
[Package Manager] Server::Kill -- Server was shutdown
Memory Statistics:
[ALLOC_TEMP_TLS] TLS Allocator
  StackAllocators : 
    [ALLOC_TEMP_CurlRequest]
      Initial Block Size 64.0 KB
      Current Block Size 64.0 KB
      Peak Allocated Bytes 0 B
      Overflow Count 0
    [ALLOC_TEMP_MAIN]
      Initial Block Size 16.0 MB
      Current Block Size 38.9 MB
      Peak Allocated Bytes 24.9 MB
      Overflow Count 0
    [ALLOC_TEMP_Background Job.worker 6]
      Initial Block Size 32.0 KB
      Current Block Size 32.0 KB
      Peak Allocated Bytes 54 B
      Overflow Count 0
    [ALLOC_TEMP_Background Job.worker 15]
      Initial Block Size 32.0 KB
      Current Block Size 32.0 KB
      Peak Allocated Bytes 54 B
      Overflow Count 0
    [ALLOC_TEMP_AUDIO_FMOD mixer thread]
      Initial Block Size 64.0 KB
      Current Block Size 64.0 KB
      Peak Allocated Bytes 54 B
      Overflow Count 0
    [ALLOC_TEMP_BakingJobs.worker 0]
      Initial Block Size 256.0 KB
      Current Block Size 256.0 KB
      Peak Allocated Bytes 54 B
      Overflow Count 0
    [ALLOC_TEMP_AssetDatabase.FileHasherReader] x 4
      Initial Block Size 64.0 KB
      Current Block Size 64.0 KB
      Peak Allocated Bytes 193 B
      Overflow Count 0
    [ALLOC_TEMP_BakingJobs.worker 1]
      Initial Block Size 256.0 KB
      Current Block Size 256.0 KB
      Peak Allocated Bytes 54 B
      Overflow Count 0
    [ALLOC_TEMP_BatchDeleteObjects]
      Initial Block Size 64.0 KB
      Current Block Size 64.0 KB
      Peak Allocated Bytes 54 B
      Overflow Count 0
    [ALLOC_TEMP_CoreBusinessMetricsCache]
      Initial Block Size 64.0 KB
      Current Block Size 64.0 KB
      Peak Allocated Bytes 8.0 KB
      Overflow Count 0
    [ALLOC_TEMP_REST Message Handler]
      Initial Block Size 64.0 KB
      Current Block Size 64.0 KB
      Peak Allocated Bytes 54 B
      Overflow Count 0
    [ALLOC_TEMP_Job.worker 4]
      Initial Block Size 256.0 KB
      Current Block Size 256.0 KB
      Peak Allocated Bytes 8.2 KB
      Overflow Count 1
    [ALLOC_TEMP_Background Job.worker 1]
      Initial Block Size 32.0 KB
      Current Block Size 228.0 KB
      Peak Allocated Bytes 136.1 KB
      Overflow Count 2
    [ALLOC_TEMP_AssetDatabase.IOService]
      Initial Block Size 64.0 KB
      Current Block Size 64.0 KB
      Peak Allocated Bytes 54 B
      Overflow Count 0
    [ALLOC_TEMP_Job.worker 7]
      Initial Block Size 256.0 KB
      Current Block Size 256.0 KB
      Peak Allocated Bytes 12.9 KB
      Overflow Count 1
    [ALLOC_TEMP_Job.worker 9]
      Initial Block Size 256.0 KB
      Current Block Size 256.0 KB
      Peak Allocated Bytes 9.0 KB
      Overflow Count 1
    [ALLOC_TEMP_Loading.PreloadManager]
      Initial Block Size 32.0 MB
      Current Block Size 32.0 MB
      Peak Allocated Bytes 5.4 MB
      Overflow Count 0
    [ALLOC_TEMP_Background Job.worker 7]
      Initial Block Size 32.0 KB
      Current Block Size 32.0 KB
      Peak Allocated Bytes 54 B
      Overflow Count 0
    [ALLOC_TEMP_CloudJob.worker 0]
      Initial Block Size 32.0 KB
      Current Block Size 32.0 KB
      Peak Allocated Bytes 4.4 KB
      Overflow Count 0
    [ALLOC_TEMP_Background Job.worker 12]
      Initial Block Size 32.0 KB
      Current Block Size 32.0 KB
      Peak Allocated Bytes 54 B
      Overflow Count 0
    [ALLOC_TEMP_Background Job.worker 10]
      Initial Block Size 32.0 KB
      Current Block Size 32.0 KB
      Peak Allocated Bytes 54 B
      Overflow Count 0
    [ALLOC_TEMP_Background Job.worker 4]
      Initial Block Size 32.0 KB
      Current Block Size 32.0 KB
      Peak Allocated Bytes 54 B
      Overflow Count 0
    [ALLOC_TEMP_Background Job.worker 13]
      Initial Block Size 32.0 KB
      Current Block Size 32.0 KB
      Peak Allocated Bytes 54 B
      Overflow Count 0
    [ALLOC_TEMP_Profiler.Dispatcher]
      Initial Block Size 64.0 KB
      Current Block Size 64.0 KB
      Peak Allocated Bytes 0 B
      Overflow Count 0
    [ALLOC_TEMP_BakingJobs.worker 4]
      Initial Block Size 256.0 KB
      Current Block Size 256.0 KB
      Peak Allocated Bytes 54 B
      Overflow Count 0
    [ALLOC_TEMP_Background Job.worker 14]
      Initial Block Size 32.0 KB
      Current Block Size 32.0 KB
      Peak Allocated Bytes 54 B
      Overflow Count 0
    [ALLOC_TEMP_Job.worker 11]
      Initial Block Size 256.0 KB
      Current Block Size 256.0 KB
      Peak Allocated Bytes 8.2 KB
      Overflow Count 1
    [ALLOC_TEMP_Job.worker 14]
      Initial Block Size 256.0 KB
      Current Block Size 256.0 KB
      Peak Allocated Bytes 7.6 KB
      Overflow Count 1
    [ALLOC_TEMP_Background Job.worker 9]
      Initial Block Size 32.0 KB
      Current Block Size 32.0 KB
      Peak Allocated Bytes 54 B
      Overflow Count 0
    [ALLOC_TEMP_EnlightenWorker] x 4
      Initial Block Size 64.0 KB
      Current Block Size 64.0 KB
      Peak Allocated Bytes 54 B
      Overflow Count 0
    [ALLOC_TEMP_Job.worker 3]
      Initial Block Size 256.0 KB
      Current Block Size 256.0 KB
      Peak Allocated Bytes 8.3 KB
      Overflow Count 1
    [ALLOC_TEMP_DirMonitor]
      Initial Block Size 64.0 KB
      Current Block Size 64.0 KB
      Peak Allocated Bytes 0.8 KB
      Overflow Count 0
    [ALLOC_TEMP_Job.worker 2]
      Initial Block Size 256.0 KB
      Current Block Size 256.0 KB
      Peak Allocated Bytes 12.8 KB
      Overflow Count 1
    [ALLOC_TEMP_Job.worker 10]
      Initial Block Size 256.0 KB
      Current Block Size 256.0 KB
      Peak Allocated Bytes 7.7 KB
      Overflow Count 1
    [ALLOC_TEMP_Loading.AsyncRead]
      Initial Block Size 64.0 KB
      Current Block Size 64.0 KB
      Peak Allocated Bytes 328 B
      Overflow Count 0
    [ALLOC_TEMP_Background Job.worker 3]
      Initial Block Size 32.0 KB
      Current Block Size 32.0 KB
      Peak Allocated Bytes 54 B
      Overflow Count 0
    [ALLOC_TEMP_AUDIO_FMOD (WASAPI) feeder thread]
      Initial Block Size 64.0 KB
      Current Block Size 64.0 KB
      Peak Allocated Bytes 168 B
      Overflow Count 0
    [ALLOC_TEMP_Background Job.worker 2]
      Initial Block Size 32.0 KB
      Current Block Size 32.0 KB
      Peak Allocated Bytes 1.4 KB
      Overflow Count 0
    [ALLOC_TEMP_Background Job.worker 8]
      Initial Block Size 32.0 KB
      Current Block Size 32.0 KB
      Peak Allocated Bytes 54 B
      Overflow Count 0
    [ALLOC_TEMP_BakingJobs.worker 6]
      Initial Block Size 256.0 KB
      Current Block Size 256.0 KB
      Peak Allocated Bytes 54 B
      Overflow Count 0
    [ALLOC_TEMP_BakingJobs.worker 7]
      Initial Block Size 256.0 KB
      Current Block Size 256.0 KB
      Peak Allocated Bytes 54 B
      Overflow Count 0
    [ALLOC_TEMP_Background Job.worker 0]
      Initial Block Size 32.0 KB
      Current Block Size 32.0 KB
      Peak Allocated Bytes 54 B
      Overflow Count 0
    [ALLOC_TEMP_Job.worker 6]
      Initial Block Size 256.0 KB
      Current Block Size 256.0 KB
      Peak Allocated Bytes 8.3 KB
      Overflow Count 1
    [ALLOC_TEMP_AUDIO_FMOD stream thread]
      Initial Block Size 64.0 KB
      Current Block Size 64.0 KB
      Peak Allocated Bytes 54 B
      Overflow Count 0
    [ALLOC_TEMP_AssetDatabase.FileHasherHasher] x 4
      Initial Block Size 64.0 KB
      Current Block Size 64.0 KB
      Peak Allocated Bytes 141 B
      Overflow Count 0
    [ALLOC_TEMP_Job.worker 13]
      Initial Block Size 256.0 KB
      Current Block Size 256.0 KB
      Peak Allocated Bytes 10.2 KB
      Overflow Count 1
    [ALLOC_TEMP_BakingJobs.worker 3]
      Initial Block Size 256.0 KB
      Current Block Size 256.0 KB
      Peak Allocated Bytes 54 B
      Overflow Count 0
    [ALLOC_TEMP_Job.worker 12]
      Initial Block Size 256.0 KB
      Current Block Size 256.0 KB
      Peak Allocated Bytes 9.9 KB
      Overflow Count 0
    [ALLOC_TEMP_Background Job.worker 5]
      Initial Block Size 32.0 KB
      Current Block Size 32.0 KB
      Peak Allocated Bytes 54 B
      Overflow Count 0
    [ALLOC_TEMP_BakingJobs.worker 2]
      Initial Block Size 256.0 KB
      Current Block Size 256.0 KB
      Peak Allocated Bytes 54 B
      Overflow Count 0
    [ALLOC_TEMP_Job.worker 1]
      Initial Block Size 256.0 KB
      Current Block Size 256.0 KB
      Peak Allocated Bytes 9.4 KB
      Overflow Count 1
    [ALLOC_TEMP_Background Job.worker 11]
      Initial Block Size 32.0 KB
      Current Block Size 32.0 KB
      Peak Allocated Bytes 54 B
      Overflow Count 0
    [ALLOC_TEMP_EditorTaskManager]
      Initial Block Size 64.0 KB
      Current Block Size 68.0 KB
      Peak Allocated Bytes 64.0 KB
      Overflow Count 0
    [ALLOC_TEMP_Job.worker 5]
      Initial Block Size 256.0 KB
      Current Block Size 256.0 KB
      Peak Allocated Bytes 9.9 KB
      Overflow Count 1
    [ALLOC_TEMP_HTTP REST Server]
      Initial Block Size 64.0 KB
      Current Block Size 64.0 KB
      Peak Allocated Bytes 76 B
      Overflow Count 0
    [ALLOC_TEMP_AssetGarbageCollectorHelper] x 15
      Initial Block Size 64.0 KB
      Current Block Size 64.0 KB
      Peak Allocated Bytes 0 B
      Overflow Count 0
    [ALLOC_TEMP_Job.worker 8]
      Initial Block Size 256.0 KB
      Current Block Size 256.0 KB
      Peak Allocated Bytes 9.9 KB
      Overflow Count 1
    [ALLOC_TEMP_BakingJobs.worker 5]
      Initial Block Size 256.0 KB
      Current Block Size 256.0 KB
      Peak Allocated Bytes 54 B
      Overflow Count 0
    [ALLOC_TEMP_Job.worker 0]
      Initial Block Size 256.0 KB
      Current Block Size 256.0 KB
      Peak Allocated Bytes 7.2 KB
      Overflow Count 1
[ALLOC_MEMORYPROFILER]
  Requested Block Size 1.0 MB
  Peak Block count 8
  Peak Allocated memory 6.5 MB
  Peak Large allocation bytes 0 B
[ALLOC_DEFAULT] Dual Thread Allocator
  Peak main deferred allocation count 6544
    [ALLOC_BUCKET]
      Large Block size 32.0 MB
      Used Block count 2
      Peak Allocated bytes 31.5 MB
    [ALLOC_DEFAULT_MAIN]
      Requested Block Size 16.0 MB
      Peak Block count 14
      Peak Allocated memory 257.3 MB
      Peak Large allocation bytes 58.5 MB
    [ALLOC_DEFAULT_THREAD]
      Requested Block Size 16.0 MB
      Peak Block count 2
      Peak Allocated memory 128.1 MB
      Peak Large allocation bytes 128.0 MB
[ALLOC_TEMP_JOB_1_FRAME]
  Initial Block Size 2.0 MB
  Used Block Count 0
  Overflow Count (too large) 0
  Overflow Count (full) 0
[ALLOC_TEMP_JOB_2_FRAMES]
  Initial Block Size 2.0 MB
  Used Block Count 0
  Overflow Count (too large) 0
  Overflow Count (full) 0
[ALLOC_TEMP_JOB_4_FRAMES (JobTemp)]
  Initial Block Size 2.0 MB
  Used Block Count 1
  Overflow Count (too large) 0
  Overflow Count (full) 0
[ALLOC_TEMP_JOB_ASYNC (Background)]
  Initial Block Size 1.0 MB
  Used Block Count 1
  Overflow Count (too large) 7
  Overflow Count (full) 0
[ALLOC_GFX] Dual Thread Allocator
  Peak main deferred allocation count 0
    [ALLOC_BUCKET]
      Large Block size 32.0 MB
      Used Block count 2
      Peak Allocated bytes 31.5 MB
    [ALLOC_GFX_MAIN]
      Requested Block Size 16.0 MB
      Peak Block count 2
      Peak Allocated memory 22.3 MB
      Peak Large allocation bytes 0 B
    [ALLOC_GFX_THREAD]
      Requested Block Size 16.0 MB
      Peak Block count 1
      Peak Allocated memory 12.4 MB
      Peak Large allocation bytes 0 B
[ALLOC_CACHEOBJECTS] Dual Thread Allocator
  Peak main deferred allocation count 342
    [ALLOC_BUCKET]
      Large Block size 32.0 MB
      Used Block count 2
      Peak Allocated bytes 31.5 MB
    [ALLOC_CACHEOBJECTS_MAIN]
      Requested Block Size 4.0 MB
      Peak Block count 29
      Peak Allocated memory 98.0 MB
      Peak Large allocation bytes 13.4 MB
    [ALLOC_CACHEOBJECTS_THREAD]
      Requested Block Size 4.0 MB
      Peak Block count 12
      Peak Allocated memory 120.5 MB
      Peak Large allocation bytes 76.6 MB
[ALLOC_TYPETREE] Dual Thread Allocator
  Peak main deferred allocation count 534
    [ALLOC_BUCKET]
      Large Block size 32.0 MB
      Used Block count 2
      Peak Allocated bytes 31.5 MB
    [ALLOC_TYPETREE_MAIN]
      Requested Block Size 2.0 MB
      Peak Block count 21
      Peak Allocated memory 37.7 MB
      Peak Large allocation bytes 0 B
    [ALLOC_TYPETREE_THREAD]
      Requested Block Size 2.0 MB
      Peak Block count 1
      Peak Allocated memory 230.2 KB
      Peak Large allocation bytes 0 B
[ALLOC_PROFILER]
  Requested Block Size 16.0 MB
  Peak Block count 1
  Peak Allocated memory 0.5 MB
  Peak Large allocation bytes 0 B
    [ALLOC_PROFILER_BUCKET]
      Large Block size 32.0 MB
      Used Block count 1
      Peak Allocated bytes 7.9 KB
[ALLOC_PROFILER_EDITOR]
  Requested Block Size 1.0 MB
  Peak Block count 0
  Peak Allocated memory 0 B
  Peak Large allocation bytes 0 B
    [ALLOC_PROFILER_BUCKET]
      Large Block size 32.0 MB
      Used Block count 1
      Peak Allocated bytes 7.9 KB
##utp:{"type":"MemoryLeaks","version":2,"phase":"Immediate","time":1789923174518,"processId":16704,"allocatedMemory":37333258,"memoryLabels":[{"Default":11775},{"Permanent":15559},{"NewDelete":82168},{"Thread":4229300},{"Manager":32881},{"VertexData":12},{"Geometry":560},{"Texture":176},{"Shader":73680},{"Material":24},{"GfxDevice":57040},{"Animation":296},{"Audio":3928},{"FontEngine":272},{"Physics":577},{"Serialization":756},{"Input":14736},{"JobScheduler":240},{"Mono":40},{"ScriptingNativeRuntime":7935072},{"BaseObject":1627244},{"Resource":1360},{"Renderer":2304},{"Transform":16},{"File":12488},{"WebCam":96},{"Culling":40},{"Terrain":1137},{"Wind":24},{"STL":48},{"String":18596},{"DynamicArray":216909},{"HashMap":106846},{"Utility":1221242},{"Curl":1424},{"PoolAlloc":1728},{"AI":40},{"TypeTree":4565},{"ScriptManager":640},{"RuntimeInitializeOnLoadManager":80},{"SpriteAtlas":128},{"GI":4008},{"Director":7960},{"CloudService":2544},{"WebRequest":688},{"VR":46353},{"SceneManager":568},{"Video":72},{"LazyScriptCache":40},{"NativeArray":12},{"Camera":25},{"Secure":1},{"SerializationCache":1584},{"APIUpdating":11872},{"Subsystems":56},{"VirtualTexturing":57896},{"StaticSafetyDebugInfo":327680},{"EditorGui":56},{"EditorUtility":559619},{"VersionControl":4},{"Undo":704},{"AssetDatabase":20588044},{"RestService":1414},{"EditorGi":376},{"License":3632},{"UnityConnect":25192},{"Collab":593},{"Upm":1728},{"DrivenProperties":96},{"LocalIPC":284},{"ProfilerEditor":10943},{"CoreBusinessMetrics":3087},{"AssetReference":40},{"IPCStream":40}]}
